순위,제목,부제목,저자,평점,리뷰 수,가격,책 소개
1,더 해빙 The Having,부와 행운을 끌어당기는 힘 ,"이서윤,홍주연",9.4,262,"14,400원","부와 행운을 만나는 출발점, 마법의 감정 Having! 국내 최초로 미국에서 선(先)출간되어 세계가 먼저 찾아 읽은 책! 영미권을 비롯 프랑스, 독일, 이탈리아, 러시아 등 21개국에 판권이 수출되어 ‘불안감이 사라지게 해준 책’, ‘행운의 바이블’, ‘이 책을 읽고 행운이 찾아왔다’ 등 찬사를 보낸 이 책 『더 해빙』은 마음가짐을 다듬으며 원하는 것을 얻는 놀라운 가르침을 담고 있다. 버락 오바마가 로스쿨 학생이던 시절 대통령의 자질을 알아보고 그를 세상에 알린 출판 에이전트 제인 디스털은 『더 해빙』의 전 세계 에이전트를 자처하며 “돈에 대해 우리가 가져야 할 마음가짐을 가장 새롭게  담고 있는 책이다”라고 말했다.세계적인 부자들이 성공 비결로 꼽았다는 ‘운’. 행운은 타고나는 것일까? 소수에게만 주어지는 것일까? 물려받은 재산도, 특출난 재능도 없는 사람도 부자가 될 수 있을까? 대기업 창업주와 주요 경영인, 대형 투자자가 절체절명의 순간 찾는 사람, 이서윤. 그들은 그녀에게 자문을 구한 뒤 일생일대의 기회를 잡는 인생의 퀀텀 점프를 이루어냈다.纛構 살에 운명학에 입문해 동서양의 고전을 마스터하고 오랜 기간 한국의 경제계 리더들을 자문해온 저자 이서윤은 수만 건의 사례를 분석하고 성찰한 끝에 밝혀낸棹부와 행운의 비밀’을 이 책에 집대성했다.纛黴탔 감정을 활용해 쉽고 빠르게 풍요로운 삶을 누릴 수 있도록 돕는 이 책은, 자신을 괴롭히는 불안감에서 벗어나 진정으로 원하는 인생을 살 수 있도록 이끌어준다.鍍 사람의 대화를 통해 쉽게 전달되는 Having의 가르침을 단계별로 따라가다 보면 현실적이고 지속가능한 삶의 변화를 일으키도록 돕는다."
2,애쓰지 않고 편안하게,,김수현,9.6,76,"13,500원","“어떤 순간에도 만만하지 않은 평화주의자가 될 것!”『나는 나로 살기로 했다』 김수현 작가 4년 만의 신작100만 독자에게 사이다 같은 통찰과 단단한 위로를 전해준 김수현 작가의 신작. 당당하게 “나로 살기로 했다”고 외치던 저자는 4년 만에 한층 성숙해진 모습으로 돌아와 “나를 지키는 관계 맺기”를 이야기한다. 어느 날 완벽하다고 믿어 의심치 않았던 관계를 상대는 전혀 다르게 생각하고 있었다는 사실을 깨닫고 관계에 대한 고민을 시작했고 오랜 시간 고민한 나름의 결과를 이 책에 담았다. 저자는 언제나 잠겨 있는 수도꼭지도, 아무 때나 콸콸 쏟아지는 수도꼭지도 망가진 건 똑같다고 강조한다. 단호해야 할 때와 너그러움이 필요할 때를 구분한다면, 경계와 허용치 사이에서 균형을 잡을 수 있다면, 우리는 복잡한 세상에서 좀 더 편하게 살아갈 수 있다. 책에서는 어설픈 악당이나 쁘띠 또라이에게서 정확한 표현으로 나를 지키면서도 사소한 일에는 날 세우지 않는 사람이 될 수 있는 방법을 소개한다. 1장과 2장은 자존감을 지키며 나답게 사는 법, 3장과 4장은 타인과 조화롭게 지내면서도 당당하게 사는 태도, 5장과 6장은 마음을 언어로 표현하며 사랑을 배우는 과정을 담았다. 『애쓰지 않고 편안하게』에는 따뜻한 공감과 시원한 솔루션이 담긴 글과 그림이 가득하다. 밑줄을 긋고, 오랫동안 기억해두고 싶은 문장도 많다. “비슷한 주제를 다룬 다른 책들이 다큐라면 이 책은 시트콤이다. 친구와 고민을 나누듯 유쾌, 상쾌, 통쾌하게 읽을 수 있는 책!” 이 책을 먼저 읽은 독자들의 평처럼 『애쓰지 않고 편안하게』는 독자와 가장 친한 친구가 되고자 한다. 관계가 힘들고 불편하고 공허했다면, 이제 이 책을 통해 삶의 균형을 회복하고 나답게 편안하게 관계 맺는 법을 배워보자."
3,기억 1,,"베르나르 베르베르,전미연",9.4,15,"13,320원","기억의 문이 열리고 모험이 시작된다! 한국 독자들이 사랑하는 베스트셀러 작가 베르나르 베르베르의 신작 장편소설 『기억』(전2권)이 프랑스 문학 전문 번역가 전미연의 번역으로 열린책들에서 출간되었다. 꾸준히 신작을 발표해 온 베르베르는 이번에 [기억]이라는 테마로 시공간을 넘나들며 자신만의 독특한 세계관을 확장해 나간다. 주인공 르네 톨레다노는 고등학교에서 역사를 가르치는 교사이다. 그는 센강 유람선 공연장 [판도라의 상자]에 갔다가 퇴행 최면의 대상자로 선택당한다. 최면에 성공해 무의식의 복도에 늘어선 기억의 문을 열 수 있게 된 르네. 문 너머에서 엿본 기억은, 제1차 세계 대전의 전장에서 목숨을 잃은 그의 전생이었다. 최면이 끝난 후에도 너무나 생생하고 강렬한 기억에 시달리던 그는 몸싸움에 휘말려 의도치 않게 사람을 죽이고 경찰에 자수할지 말지 고민하며 초조한 나날을 보내게 된다."
4,돈의 속성,최상위 부자가 말하는 돈에 대한 모든 것 ,김승호,0.0,0,"15,120원","유튜브 1,100만 명이 시청한 [돈의 속성] 완결판최상위 부자 김승호 회장이 직접 밝히는 돈에 대한 통찰과 철학맨손에서 종잣돈을 만들고 돈을 불리는 75가지 방법이 책 『돈의 속성』은 3년 전 어느 극장 하나를 빌려 대중에게 강의했던 내용을 기반으로 집필됐다. 강연은 방송을 통해 전파되며 유튜브와 셀럽들에 의해 공유와 전파를 거듭했다. 그리고 이내 1,100만 명에게 전달되기에 이르렀다. 하지만 여러 사람을 통해 생산 및 재생산되는 과정에서 어떤 의미는 그 뜻이 정확히 전달되지 않았거나 의미가 왜곡되는 일이 있었다.몇 권을 저술한 저자지만 여전히 책 쓰기가 가장 어렵다는 그는 이런 상황에서 다시 한 번 펜을 잡기로 결정했다. 그것은 그의 내면에 깃든 사람에 대한 애정 때문이었다. 모두에게 정말 필요하고 중요하지만 아무도 말하지 않는 진짜 돈 버는 방법, 진짜 돈을 벌어본 사람은 그 누구도 방법을 공유하지 않기에 이 일이 저자 자신에게 주어진 것이라 받아들였다. 젊은 날의 자신의 모습이 투영되기에.어떤 횡재나 일명 대박주식 없이 말 그대로 맨손에서 만들어낸 종잣돈으로 돈 버는 방법을 알려준다. 부모에게 받은 유산은커녕, 30대 후반까지 낡은 자동차에 그날 판매할 과일을 싣고 다니던 어느 가난한 이민 가장이 이룬 진짜 부에 대한 모든 방법이 담겼다. 종잣돈 천만 원을 만들고 그 돈을 1억 원, 10억 원, 100억 원, 수천억 원이 될 때까지 돈을 관리하며 터득한 ‘돈’이 가진 속성을 정리한 안내서다. ‘진짜 부자’가 된 실제 인물이 말해주는 ‘진짜 돈’만들기에 대한 책이다.돈이 가진 속성과 75가지 돈에 대한 가르침을 통해 현재 200만 원을 벌고 있는 직장인, 마이너스 생활 중인 누군가, 직장이 없는 청년, 가용자금이 있고 투자처를 찾고 있는 사람이나 그 너머까지 돈을 운용할 수 있는 재력가와 투자가, 사업가 또는 ‘우리 아이들에게만큼은 더 이상 가난을 물려줄 수 없다’는 부모…, 그 누구라도 자신에게 꼭 필요한 조언을 찾을 수 있다는 점이 이 책의 가장 큰 장점이다."
5,코로나 투자 전쟁,전 세계 금융 역사 이래 최대의 유동성 ,"정채진,박석중,이광수,김한진,김일구",8.9,17,"15,120원","전 국민이 삼성전자를 사려 할 때 경제의 신들은 어떤 주식을 샀을까?[경제의 신과 함께]하는 시장 분석과 투자 전략2020년은 후세의 역사가들에게 매우 특별한 해로 기록될 것이다. 인류가 전염병으로 가장 참혹하게 고통받은 해이며 동시에 경제적으로는 대공황 이후 가장 혼란스러운 시기로 말이다. 사실 전염병으로 인해 경제가 흔들린 게 처음은 아니다. 지난 1918년 발생한 스페인독감은 불과 2년 만에 5억 명을 감염시키고 무려 1억 명의 사망자를 낳았으며, 2년 넘게 글로벌 경제 활동을 극도로 위축시켰다.그렇다면 코로나19가 가져올 미래 역시 암울하기만 할까? 대부분의 경제 전문가들은 전 세계적인 경기 침체가 지금처럼 확실히 예견된 적이 있었나 싶을 정도로 2020년 후반기는 힘든 시기가 될 것이라고 전망하고 있다. 실제로 사상 초유의 실업과 소비와 투자의 위축이 일어났으나 바닥이 어디인지, 그 깊이가 어느 정도인지 쉽사리 예측하기 어려울 정도다. 코로나19는 생명의 문제이자 부와 가난의 문제다. 보다 실제적이고 구체적이며 명징한 대안이 필요한 이유다. 이 책 『코로나 투자 전쟁』은 대한민국 최정상의 경제 전문가들이 모여 다양한 경제적 현안에 대해 이야기하는 팟캐스트 [경제의 신과 함께]와 [삼프로TV]에서 남다른 지혜와 통찰을 보여주었던 경제 분석가와 전문 투자자 8인이 코로나19 이후의 자산 시장을 전망한다. 연준의 무제한 양적 완화와 글로벌 중앙은행의 공조로 인해 전 세계 금융 역사 이래 최대의 유동성을 보인 글로벌 장세 속 막대한 돈의 흐름을 추적해 위기를 돌파하고 더 나아가 그 안에서 새로운 부의 창출을 도모할 수 있도록 강력한 솔루션을 제안한다.  위기는 기회다라는 식상한 말을 되풀이하려는 것이 아니다. 우리는 전에 없던 경기침체와 실업, 자산 가격의 하락을 경험했으나 예상보다 빠른 회복력을 보여주었다. 파고가 깊을수록 상승 폭도 높을 수 있다는 뜻이다. 단언컨대 한 번도 경험하지 못한 세상이 펼쳐지고 있다. 그리고 그 세상을 어떻게 만드느냐는 바로 당신의 몫이다."
6,기억 2,,"베르나르 베르베르,전미연",9.4,9,"13,320원","기억의 문이 열리고 모험이 시작된다! 한국 독자들이 사랑하는 베스트셀러 작가 베르나르 베르베르의 신작 장편소설 『기억』(전2권)이 프랑스 문학 전문 번역가 전미연의 번역으로 열린책들에서 출간되었다. 꾸준히 신작을 발표해 온 베르베르는 이번에 [기억]이라는 테마로 시공간을 넘나들며 자신만의 독특한 세계관을 확장해 나간다. 주인공 르네 톨레다노는 고등학교에서 역사를 가르치는 교사이다. 그는 센강 유람선 공연장 [판도라의 상자]에 갔다가 퇴행 최면의 대상자로 선택당한다. 최면에 성공해 무의식의 복도에 늘어선 기억의 문을 열 수 있게 된 르네. 문 너머에서 엿본 기억은, 제1차 세계 대전의 전장에서 목숨을 잃은 그의 전생이었다. 최면이 끝난 후에도 너무나 생생하고 강렬한 기억에 시달리던 그는 몸싸움에 휘말려 의도치 않게 사람을 죽이고 경찰에 자수할지 말지 고민하며 초조한 나날을 보내게 된다."
7,보통의 언어들,,김이나,9.8,5,"13,050원","대한민국 대표 작사가 김이나가 일상의 언어들에서 포착한 마음의 풍경매 순간 결핍과 고독감에 흔들리는 ‘보통의 우리들’을 위한 책이번 책 『보통의 언어들』은 김이나 작가가 그간 대중과 긴밀히 소통해온 경험을 살려 우리가 삶에서 맞부딪히는 복잡한 감정과 관계의 고민에 대한 해법을 일상의 단어 속에서 탐색한다. 그녀는 작사가로서의 예민한 안테나를 살려 우리가 자주 표현하는 감정의 단어들을 수집하고, 그 단어들이 다 품어내지 못한 마음의 풍경을 섬세하게 포착했다. 평범한 단어들 속에 깃들인 특별한 가치를 찾고 삶의 지향점을 풀어가는 김이나의 글은 쳇바퀴 같은 생활이 얼마나 소중한 것인지, 그 안에서 우리는 어떻게 확장된 인생의 의미를 발견할 수 있는지 보여준다."
8,푸름아빠 거울육아 ,엄마의 감정을 거울처럼 비추는 아이 ,최희수,9.7,13,"15,120원","24년간 41만 명의 부모를 코칭한 육아 멘토,푸름이교육연구소 푸름아빠의 지혜가 모두 담긴 육아 바이블나를 거울처럼 비추는 아이를 통해 어떤 상처를 만나고, 어떤 감정을 선택해야 할까?‘국가영재 1호’로 청와대에 보고된 후 지성과 감성이 조화로운 인재로 자라난 푸름이, 중학교 1학년 때 학교를 그만두고 오로지 수능 성적만으로 만 16세에 연세대에 입학한 하은이, 영어, 중국어, 일본어, 스페인어, 이탈리아어까지 여섯 개 언어를 구사하는 초등학교 2학년 예준이. 이 아이들은 푸름이교육의 배려 깊은 사랑과 고유한 힘을 키워주는 책육아를 통해 비교 없는 고유한 영재로 자라났고, 성장하는 중이다. 푸름이교육연구소 푸름아빠는 푸름이와 초록이를 지성과 감성이 조화로운 아이로 키워내며, 지난 24년 동안 5,000번이 넘는 강연 및 육아 상담을 하면서 배려 깊은 사랑을 실천하는 수십만 명의 사람을 만났다. 어떤 사람은 푸름이교육을 실천하여 지성과 감성이 조화로운 무한계 인간을 길러냈지만, 반대로 어느 시점에 들어서면 아이도 부모도 성장이 멈추는 경우도 많았다. 푸름아빠 최희수 저자는 같은 교육을 실천하는데 이처럼 다른 결과가 나타나는 이유가 무엇인지 궁금했다. 이 책은 아이를 같은 교육 방식으로 양육해도 결과치가 전혀 다르게 나오는 이유를 분석하고, 그 원인을 아이가 아닌 아이를 키우는 양육자의 내면에서 찾고 이를 풀어가는 여정을 담았다. 극과 극의 다른 결과가 나오는 이유는 양육자의 내면에 뭔가 다른 의식의 차원이 있기 때문이었다. 아이를 낳고 키우다 보면 반드시 상처를 만나는 시간이 온다. 엄마의 감정을 거울처럼 비추는 아이를 통해 엄마는 상처받은 내면아이를 깨달아야만 한다. 상처를 자각하고 대면하고 성장하지 않으면 엄마의 상처는 아이에게 대물림되기 때문이다. 아이가 스스로 사랑 자체임을 깨닫고 고유한 존재로 자라나게 하려면 엄마는 성장해야만 한다. [거울육아]를 통해 이제 아이는 배려 깊은 사랑 속에 자라고, 양육자의 성장은 더불어 일어나는 방법을 배울 수 있다."
9,설민석의 한국사 대모험 14,"명의 허준 편 : 안녕, 로빈! ","설민석,스토리박스,정현희,태건 역사 연구소",0.0,0,"10,800원","X맨의 독약을 먹고 쓰러진 로빈!로빈을 살리기 위한 설쌤 일행의 대모험이 시작됩니다!로빈을 살리기 위해 찾아간 명의 허준!로빈을 살리기 위한 실마리도 찾고, 조선 시대의 역사도 공부합니다!우리 역사를 망가뜨리려는 X맨의 거대한 음모를 막고 무사히 역사를 지켜낸 설쌤 일행! 하지만 그 과정에서 로빈은 X맨이 남긴 독약 때문에 쓰러지고 맙니다. 온몸에 독이 퍼져 생명이 위독해진 로빈, 하지만 현대의학으로는 로빈의 병을 고칠 수가 없다고 합니다. 로빈을 끌어안고 절망에 빠져 있는 설쌤에게, 온달과 평강은 다른 의학으로 치료해보자고 제안합니다. 로빈을 살리기 위해 설쌤과 온달, 평강은 실낱같은 희망을 품고 조선 최고의 명의 허준을 찾아 시간 여행을 떠납니다!사랑스러운 로빈과의 첫 만남부터 로빈을 구하기 위해 고군분투하는 모습까지, 『설민석의 한국사 대모험 14』에서는 로빈을 향한 설쌤의 극진한 사랑과 간절한 마음을 느낄 수 있습니다. 조선 시대로 날아가 만나게 된 명의 허준 선생님은 로빈에게 어떤 처방을 내려줄까요? 또한, 지금의 우리가 겪고 있는 것처럼 무서운 전염병으로 고통받던 조선 시대에는 어떻게 병을 치료하고 예방했을까요? 『설민석의 한국사 대모험 14』에서는 로빈을 살리기 위한 역사 여행을 통해, 『동의보감』 『신찬벽온방』 등 허준 선생님의 위대한 의학 연구를 자세하게 다루었습니다. 그리고 독약의 성분을 알아내기 위해 찾아간 조선 말기의 모습에서 아관파천의 가슴 아픈 역사와 대한제국, 광무개혁에 대해 살펴봅니다. 더불어 고종 황제를 독살하려는 위험한 음모도 엿볼 수 있습니다. 로빈이 무사히 치료를 받고 건강을 되찾을 수 있도록, 『설민석의 한국사 대모험 14』를 읽으며 어린이 독자 여러분이 함께 응원해주세요!"
10,코로나 이후의 세계,블룸버그 선정 세계 1위 미래학자 제이슨 솅커의 미래예측 ,"제이슨 솅커,박성현",9.2,93,"13,320원","누구도 경험하지 못한 미래를 선점하라!블룸버그 선정 세계 1위 미래학자 제이슨 솅커의 긴급 예측아마존 베스트셀러 1위, 아마존 베스트셀러 전자책 1위‘위기는 기회다’라는 오래된 말이 있다. 위기라는 말은 기존 질서가 도전을 받아 해체될 위험에 빠졌고 이제 새로운 질서가 형성된다는 의미이기도 하다. 위기가 닥쳤는데도 과거 질서에 매달려 변화를 거부하는 이들은 낙오할 것이고 재빨리 새로운 질서를 파악해 이를 선제적으로 준비하는 이들은 기회를 잡을 것이다. 블룸버그 선정 세계 1위 미래학자 제이슨 솅커는 프레스티지 이코노믹스와 퓨처리스트 인스티튜트의 회장이자 세계에서 가장 정확한 금융 예측가 중 한 사람으로 평가받고 있다. 그는 코로나 이후의 세계는 그 이전과는 절대 같지 않을 것이라고 단언한다. 유례없는 충격을 입은 세계의 경제, 사회, 기업계에 밀어닥칠 장기적인 중요한 변화와 과제는 무엇이고, 기회는 어디에 있을지를 날카로운 통찰력으로 제시한다. 각 분야에 있어 대전환의 핵심을 짚어 누구나 낯설고 혼란스러운 미래 변화의 흐름을 손쉽게 파악할 수 있을 것이다. 이 책은 혼란을 헤쳐 나갈 나침반 역할을 할 것이다."
11,내가 원하는 것을 나도 모를 때,잃어버린 나를 찾는 인생의 문장들 ,전승환,9.4,132,"14,400원","이해인 수녀, 정재찬 교수 추천!150만 독자가 사랑한 『책 읽어주는 남자』 전승환 작가의 첫 번째 인문 에세이“진심이 담긴 문장에 온 마음을 들켜버렸습니다”내가 정말 원하는 게 뭘까? 내 마음을 가장 잘 아는 사람은 나인 것 같지만, 살다 보면 누구나 이런 물음과 마주하는 순간이 있다. 특히 정신없이 바쁜 일상에 치여 지치고 무기력해졌을 때가 그렇다. 그럴 때 단 한 문장이라도 그 마음을 정확하게 알아주는 글을 만나면, 마치 속마음을 들킨 것처럼 깜짝 놀라면서도 크게 위로받게 된다. 『내가 원하는 것을 나도 모를 때』는 이처럼 오늘날 자기 자신을 잃고 살아가는 이들에게 진솔한 공감과 따스한 위로를 건네는 인문 에세이다. 이 책의 저자인 전승환 작가는 세 권의 에세이를 쓴 작가이자, 책에 담긴 좋은 글귀를 다양한 채널을 통해 전하는 ‘책 읽어주는 남자’로 잘 알려져 있다. 지난 7년간 그가 전하는 글에 공감하고 위로받는 이만 매주 150만 명에 달한다. 이 책은 그런 작가가 자기 정체성을 살려 쓴 첫 번째 인문 에세이이자 독서력의 정수를 담아낸 책이다. 인문 고전, 철학, 역사는 물론, 시, 소설, 에세이 등 다양한 분야에서 가려 뽑은 130여 편의 ‘인생의 문장들’을 작가 개인의 진솔한 경험담과 함께 전한다.『내가 원하는 것을 나도 모를 때』에는 희로애락의 다양한 감정은 물론 명쾌한 삶의 통찰이 담긴 문장들이 가득하다. 그것들을 하나하나 읽다 보면, 바쁘게 살아오느라 방치하고 있던 나의 감정, 시간, 관계, 세계를 점검하게 된다. 그렇게 애써 외면했던 자신의 속마음과 마주하고 위로할 때, 우리는 상처받은 마음을 치유하고 사랑하는 마음까지 되찾을 수 있다. 만약 자신이 원하는 것을 모르겠다면, 지치고 무기력한 삶을 변화시키고 싶다면, 이 책에서 나만의 ‘인생의 문장’을 찾아보자."
12,지리의 힘,"지리는 어떻게 개인의 운명을, 세계사를, 세계 경제를 좌우하는가 ","팀 마샬,김미선",8.9,80,"15,300원","사드, 남중국해, IS, 영유권 분쟁, 유럽의 분열, 모든 것은 지리에서 시작되었다!우리의 삶은 언제나 우리가 살고 있는 [땅]에 의해 형성돼 왔다. 한니발도, 순자도, 알렉산드로스 대왕도 인정했던 [지리의 법칙]은 21세기에도 변함없이 힘을 발휘하고 있다.[지리의 힘]이 21세기 현대사에 미치는 영향 집중 해부!영국 《파이낸셜 타임스》의 터키 특파원과 스카이 뉴스 외교 부문 에디터와 BBC 기자로도 일하는 등 25년 이상 30개 이상의 분쟁 지역을 직접 현장에서 취재하면서 국제 문제 전문 저널리스트로 활동해온 저자가 [지리라는 렌즈]를 통해 세계를 조망한 책이 출간되었다. 이 책은 특히 중국, 미국, 서유럽, 러시아, 한국과 일본, 아프리카, 라틴 아메리카, 중동, 인도와 파키스탄, 북극 등 전 세계를 10개의 지역으로 나눠 [지리의 힘]이 급변하는 21세기 현대사에 미치는 영향을 집중적으로 파헤친다. 특히 [한국] 편에서는 한국의 위치와 한반도의 지리적 특성 때문에 한국이 [강대국들의 경유지 역할]을 할 수밖에 없음을 지적하고 있다. 또한 남중국해를 두고 벌어지는 영유권 분쟁, 영광스러운 고립을 택한 영국, 분열되는 유럽, 군국주의를 선택한 일본, 미국과 중국 간의 신패권주의 경쟁, 알카에다와는 달리 영토를 장악해 가는 IS, 북극의 부상 등 가장 최근의 이슈들도 함께 다루고 있다. 저자는 [경제 전쟁], [세계의 분열], [영유권 분쟁], [빈부 격차], [방대한 자원에 대한 탐욕과 경쟁] 등은 결국 [지리에서 비롯되었다]고 주장하면서 세계사를 결정한 주요 요소 중 하나인 지리에 대한 핵심적인 통찰력을 제시하고 있다. 또한 지리가 우리 개인의 삶에는 어떤 영향을 끼치는지, 어떻게 세계의 정치와 경제를 좌우하는지도 보여준다. 이 책은 현재 미국, 독일, 영국에서 베스트셀러이며 스페인, 터키, 대만, 일본, 중국 등에서도 출간될 예정이다."
13,"시선으로부터,",,정세랑,10.0,4,"12,600원","“이 소설은 무엇보다 20세기를 살아낸 여자들에게 바치는 21세기의 사랑이다.”  한국문학이 당도한 올곧은 따스함, 정세랑 신작 장편소설독창적인 목소리와 세계관으로 구축한 SF소설부터 우리 시대의 현실에 단단히 발 딛고 나아가는 이야기들까지, 폭넓은 작품 세계로 우리에게 늘 새로운 놀라움을 선사했던 정세랑. 작가의 동명 소설을 원작으로 제작되는 넷플릭스 드라마 [보건교사 안은영](이경미 감독, 정유미 주연)과, SM에서 제작중인 케이팝 드라마 [일루미네이션]의 각본을 집필하며 활동 반경을 넓혀가고 있는 그가 장편소설 『시선으로부터,』로 돌아왔다. 『시선으로부터,』는 구상부터 완성까지 5년이 걸린 대작으로, 한국일보문학상을 수상한 『피프티 피플』 이후 4년 만에 내놓는 신작 장편소설이다. 『시선으로부터,』는 올해 3월 오픈한 웹진 [주간 문학동네]에서 3개월간 연재되었으며, [주간 문학동네] 연재 후 출간되는 첫 소설이기도 하다."
14,룬의 아이들 - 데모닉 완전판 세트,,전민희,0.0,0,"117,900원","국내외 총 판매량 300만 부의 밀리언셀러 악마적인 천재 데모닉의 운명을 그린 성장담‘룬의 아이들’2부 완전판 출간!아름다운 세계관과 개성 넘치는 캐릭터, 유려한 문체와 깊이 있는 감성으로 한국 판타지를 이끌어온 전민희 작가의 대표작 『룬의 아이들 - 윈터러』(전7권)에 이어 시리즈 2부인 『룬의 아이들 - 데모닉』(전9권)이 엘릭시르에서 새롭게 출간되었다. ‘룬의 아이들’ 시리즈는 국내 판매량 총 160만 부를 넘은 밀리언셀러다. 뿐만 아니라 일본, 대만, 태국, 중국에 수출되어 국내외 판매량을 합치면 300만 부를 훌쩍 넘어 ‘아시아 전역에서 가장 사랑받는 판타지’라는 평가를 받고 있다. 『룬의 아이들 - 데모닉』(이하 『데모닉』)은 엄청난 재능과 비참한 운명을 함께 지닌 아르님 가문의 ‘데모닉’ 조슈아가 주인공이다. 무엇 하나 부족함 없는 재능에 아름다운 외모까지 갖춘 악마적인 천재 조슈아가 엉뚱하면서도 재기발랄한 막시민, 활기차지만 섬세한 리체와 함께 겪는 모험과 성장을 그린 작품. 이번에 출간되는 『데모닉』은 작가의 세심한 가필 수정과 내용 보완을 통해 개정한 완전판이다. 추가된 스토리 덕분에 구판보다 한 권 더 늘어난 총 9권으로 출간되었다. ‘룬의 아이들’ 시리즈는 “검과 마법의 이야기”가 전성기이던 시절부터 지금까지 쭉 한국 하이 판타지의 정점에서 독자들의 사랑을 받아온 작품이다. 독창적인 설정과 발상에서 비롯된 세계, 그리고 그 세계의 구석구석을 세밀하게 구축한 작가의 손길은 그것만으로도 독자들의 마음을 사로잡기 충분하다. 이와 함께 세계관을 살아 숨쉬게 만드는 것은 캐릭터. 모든 사건과 이야기는 캐릭터로부터 시작하여 진행된다. 어느 한 마을이나 도시가 아니라 ‘세계’를 무대로 하는 장르이니만큼 캐릭터의 수도 많을 수밖에 없다. 독자들은 캐릭터의 생각과 행동에 반응하며 공감하고 이입한다. 캐릭터의 역사가 쌓이면 독자와 세계의 친화도는 높아지고, 캐릭터 한 명 한 명의 역사는 곧 세계의 역사가 된다. 『윈터러』로 문을 열고 『데모닉』으로 확장한 ‘룬의 아이들’의 역사는 그렇게 시작되었다."
15,존리의 부자되기 습관,대한민국 경제독립 액션 플랜 ,존 리,8.4,36,"13,500원",돈을 위해 일하지 말고 돈이 당신을 위해 일하게 하라한국 사회에 만연한 그릇된 소비행태는 한국 사람들이 돈에 대해 잘못 알고 있는 탓에 형성된 것이다. 바로 열심히 일하고 저축해도 부자가 되기는 불가능하다고 생각하고 포기하기 때문이다. 그러나 부자의 길은 사실 놀라울 정도로 가까운 데 있다. 생각만 바꾸면 된다. 과도한 소비를 투자로 바꾸는 라이프스타일로 전환하기만 해도 기적이 일어난다. 바로 복리의 마법 때문이다. 아인슈타인이 8번째 불가사의라 칭한 복리의 마법이 당신을 부자로 만들어줄 것이다. 기억하라. 복리는 시간이 지날수록 기하급수적으로 자산을 불려준다. 당신이 잠자는 동안에도 돈이 일하도록 시스템을 만들어 놓으면 시간이 당신을 부자로 만들어줄 것이다. 마음을 가다듬고 투자를 결심해도 무엇부터 시작해야 할지 막막한 사람들을 위해 저자는 경제독립을 위한 10단계 과정을 제시한다.
16,해빙 노트 Having Note,,"이서윤,홍주연",9.9,7,"13,320원","운을 바꾸는 사람들의 선택, 해빙 노트!해빙(Having)의 효과를 더 자주, 더 강하게, 더 빠르게 얻는 방법!독자들의 뜨거운 요청으로 출간! 지금 가지고 있음을 느끼는 것, 해빙(Having)! 부와 행운의 비밀에 대한 수만 건의 사례 분석과 깊은 성찰을 담은 책, 『더 해빙』의 선풍적인 인기에 해빙을 실천하는 사람들의 수가 놀라운 속도로 증가하고 있다. 이미 많은 개인 SNS와 커뮤니티에는 해빙 실천 후기와 기록들이 공유되고 있으며, 해빙 낭독, 해빙 팁 나눔, 해빙 노트 작성법, 해빙 명상 등 책을 변주한 다양한 콘텐츠들이 생산되고 있다. 특히 ‘해빙 노트 쓰기’는 가장 빠르고 강하게 해빙의 효과를 증폭시키는 방법으로 입소문을 타고 급속도로 번지고 있다. 해빙 노트는 자신이 가지고 있는 것(I have~)과 그에 따른 감정(I feel~)을 쓰며, 불안과 걱정에 매이는 삶이 아닌 지금 이 순간에 집중하는 삶으로 이끌어준다. ‘해빙 노트를 쓰고 나니 마음속으로 해빙했을 때보다 감정이 더 크게 다가온다’, ‘일상이 축복으로 바뀌었다’, ‘좋은 일들이 자꾸 찾아온다’ 등 감사와 행복, 평안과 행운의 후기들도 잇따르고 있다.독자들의 뜨거운 요청으로 탄생한 『해빙 노트』는 상세한 노트 작성법과 자신의 감정 앞에서 낯설어하는 이들을 위한 감정 예시까지 담고 있어 누구나 쉽고 부담 없이 사용할 수 있다. “해빙은 우리가 자연스럽게 더 많은 부로 향해 흘러갈 수 있도록 해주죠”라는 저자의 말처럼 ‘행운의 문서’인 해빙 노트는 우리를 부의 흐름 위에 안착시켜 줄 것이다. ※ 본 도서는 사용자가 직접 작성하는 노트 형식입니다."
17,코로나 사피엔스,"문명의 대전환, 대한민국 대표 석학 6인이 신인류의 미래를 말한다 ","최재천,장하준,최재붕,홍기빈,김누리",9.5,7,"13,500원","“코로나19 이후, 인류는 완전히 다른 삶을 살게 될 것이다.누구도 겪어보지 못한 신세계에서 살아갈 우리를 감히 코로나 사피엔스라 부른다.”최재천, 장하준, 최재붕, 홍기빈, 김누리, 김경일…대한민국 대표 석학 6인이 제시하는 신인류의 미래놀랍도록 대담한 통찰, 확신과 경고, 전 지구의 삶을 관통하는 새로운 인사이트코로나19 사태로 인해 인류가 예전과 전혀 다른 삶을 살게 될 것은 자명해 보인다. 과거의 언어, 과거의 방식으로는 이 같은 위기를 이겨내기 힘들 것이라는 자성적 성찰이 대두하는 가운데 각 분야 대표 지성들이 대담한 인사이트를 내놓았다. 최재천(생태와 인간), 장하준(경제의 재편), 최재붕(문명의 전환), 홍기빈(새로운 체제), 김누리(세계관의 전복), 김경일(행복의 척도)이 그들이다. 우리 삶은 어떻게 변할 것인가? 과거의 잘못된 판단과 결정에서 어떤 점을 눈여겨봐야 하는가? 고쳐야 할 것은 무엇이고, 성장시켜야 할 것은 무엇일까? 위기 안에서 찾을 수 있는 기회는 무엇인가? 이들은 “누구도 겪어보지 못한 신세계에서 살아갈 우리를, 감히 코로나 사피엔스”라 명명하며, 코로나19 사태 이후 완전히 다른 체제 아래 살아야 할 신인류에 대한 폭넓은 통찰을 제시한다."
18,마법천자문 48,늘 생각하다! 생각 념 念! ,"김현수,홍거북,김창환",9.4,10,"10,800원","희망의 화원에 등장한 오만군단장!다짜고짜 샤오를 내놓으라며 모두를 위협하고,호킹과 탐욕, 손오공은 오만군단장에 맞서는데….	호킹과 탐욕이 자리를 옮겨 싸우러 간 사이, 울렁세에게 희망의 꽃에 대해 전해 들은 샤오는 온화천왕의 대업과 천세의 계획이 무엇인지 깨닫고 기뻐한다. 하지만 기쁨도 잠시, 희망의 정원에 손오공 일행이 나타나고, 샤오는 모습이 달라진 삼장을 보고 혼란스러워한다. 손오공에게 암흑상제가 잠들어 있다는 사실을 전해 들었음에도 불구하고 삼장을 쉽게 받아들이지 못하는데, 그러던 중 오만군단장에게 크게 당한 호킹과 탐욕이 손오공 일행과 샤오 일행 앞에 날아온다.	뒤이어 등장한 오만군단장은 샤오를 내놓는다면 목숨만은 살려 주겠다며 모두를 협박하지만, 모두가 오히려 샤오를 감싸며 오만군단장에 맞선다. 하지만 너무나 강한 오만군단장의 힘에 손오공, 호킹, 탐욕은 속수무책으로 당하고, 도망치라는 호킹의 말에 샤오와 이랑, 삼장은 그곳에서 도망치려 하지만 오만군단장의 부하인 타락한 요정의 공간 空間 마법에 막히고 만다. 그러던 중, 오만군단장에 의해 탐욕의 가면이 깨지자 탐욕은 슬픈 과거를 떠올리며 기억을 되찾는데…. 과연 탐욕의 잃어버린 과거는 무엇일까요? 48권을 기대해 주세요!"
19,설민석의 책 읽어드립니다,세상의 모든 책썸 남녀를 위하여 ,설민석,10.0,96,"13,500원","다 큰 어른이의 마음에 독서 훈풍을 불어넣은 설민석이 건네는 경연 초대장“지금, 당신의 인생 책은 무엇입니까?”25년간 역사를 공부하고 나누는 일을 하고 있는 설민석이 인류 유산인 고전들을 이야기로 푼 인문교양서. 설민석은 〈요즘책방: 책 읽어드립니다〉에서 강독을 진행하면서 만난 가슴 벅찬 인생 책들을 추려 못다 한 이야기를 풀어내고자 한다. 두껍고 어렵게만 느껴지던 인문서의 구조와 디테일을 시원하게 꿰뚫는 남다른 통찰력과 독자를 초집중시키며 쉽게 설명해 나가는 뛰어난 담화 능력. 설민석만이 가진 보석 같은 친절함이다. 『설민석의 책 읽어드립니다』는 그동안 책은 샀지만 읽지 못하고 서가에 꽂아 두었거나 방송을 보고 책을 사야겠다고 책 바구니에 넣어 둔 독자에게 직접 손으로 책장을 넘기며 빠져드는 계기가 되어줄 것이다.  이 책에서는 방송에서 다루었던 여러 책 중에서 가장 가슴에 와 닿는 다섯 권의 책을 선정, 내용과 맥락을 그만의 해석으로 쉽고 재미있게 이야기한다. 다섯 권의 책은 땅(地)과 사람(人)의 삶 모두를 함축한다. 땅은 리처드 도킨스의 『이기적 유전자』, 인간은 유발 하라리의 『사피엔스』다. 그리고 알베르트 카뮈의 『페스트』, 혜경궁 홍씨의 『한중록』, 제러미 리프킨의 『노동의 종말』을 통해 인간의 삶을 이야기한다. 특히 『페스트』는 2020년을 휩쓸고 있는 코로나19 시대의 자화상 같은 소설이라 흥미롭다. 우리 성장의 토대인 땅, 그리고 인간의 삶 구석구석까지 이 한 권의 책으로 설민석과 인문학 여행을 떠나는 것은 방송에서 경험하지 못한 또 다른 체험과 기쁨을 선사할 것이다."
20,룬샷,"전쟁, 질병, 불황의 위기를 승리로 이끄는 설계의 힘 ","사피 바칼,이지연",9.5,37,"16,200원","어떻게 미국은 제2차 세계대전을 계기로 세계 패권을 잡았는가? 애플을 세운 스티브 잡스부터  영화 [스타워즈] 시리즈, 바이오테크 산업의 문을 연 제넨테크까지 이들은 무엇이 달랐기에 결정적 순간에 폭발적 성장을 할 수 있었을까? 비슷한 점이 전혀 없어 보이는 이들 국가, 기업, 리더에게는 한 가지 공통점이 있었다. 바로 외면 받던 아이디어를 발 빠르게 육성해 성장의 동력으로 만드는 시스템을 갖추었던 것. 이들은 창의성과 효율성의 선순환 시스템을 통해 세계의 패권을 잡고, 질병과의 전쟁에서 승리했으며, 쟁쟁한 경쟁자들을 물리치고 위대한 기업으로 거듭났다.물리학자, 바이오테크 기업 창업자이자 최고경영자인 사피 바칼은 『룬샷(Loonshots)』에서 ‘미친’ 아이디어라고 손가락질 받던 ‘룬샷’이 어떻게 전쟁, 질병, 비즈니스의 위기를 승리로 이끌었는지 과학자와 경영자의 눈으로 탐구한다. “성공과 실패에 대해 지금까지와는 전혀 다른 차원의 접근”이라는 로버트 러플린(노벨 경제학상 수상자)의 추천사처럼 기존의 질서와 상식이 무너지는 시대에 이 책이 새로운 돌파구가 되어줄 것이다."
21,당근 유치원,,안녕달,10.0,48,"11,700원","우리가 기다리는 작가, 안녕달 신작 『당근 유치원』 출간『수박 수영장』 이후 5년, 안녕달표 청량한 상상과 사랑스러운 유머가 돌아왔다! “나는 곰 선생님이랑 결혼해야겠다.”곰 선생님을 향한 아기 토끼의 마음은 당근당근!당근처럼 곱고 향긋한 사랑의 인사를 들려 드릴게요.2015년 첫 그림책 『수박 수영장』을 발표한 이후 개성 있는 작품들을 연달아 선보이며 이제는 모든 독자의 기대와 사랑을 한 몸에 받는 안녕달 작가. 그의 신작 『당근 유치원』이 출간되었다. 아기 토끼가 새 유치원에 가서 몸집도 목소리도 크고, ‘힘만 센’ 곰 선생님을 만나지만 점차 선생님과 마음을 나누며 유치원에 적응해 가는 과정을 그렸다. 안녕달 작가 특유의 청량한 상상과 사랑스러운 유머를 듬뿍 담은 작품으로, 아이들이 공감할 수 있는 현실적인 유치원 배경과 생활 모습을 그리면서도 동화적인 따스함이 어려 있는 특별한 공간을 만들어 냈다. 유년의 아이들이 낯선 환경에 적응하고자 하는 노력을 응원할 뿐 아니라 매일 건강한 마음으로 아이들을 돌보려는 교사들의 마음까지 따스하게 위로한다."
22,흔한남매 안 흔한 일기 2,,"흔한남매,강효미,조병주,흔한컴퍼니",9.5,16,"10,800원","구독자 수 187만 명의 유튜브 크리에이터, ‘흔한남매’의두 번째 그림동화책 드디어 출간! 남매 간에 일어나는 현실적인 에피소드를 쾌활하고 코믹하게 그려 내어 많은 사랑을 받고 있는 유튜브 크리에이터, ‘흔한남매’의 『흔한 남매 안 흔한 일기』 두 번째 책이 출간되었습니다.『흔한 남매 안 흔한 일기』는 동생 에이미가 오빠인 으뜸이 몰래(?) 쓰는 비밀 일기 내용을 동화로 구성한 읽기물입니다. 유튜브 영상에 나온 소재와 에피소드에 새로운 이야기를 덧붙여, 자유로운 그림동화 형식으로 구성했지요. 본문 내용과 자연스럽게 어우러진 미로 찾기, 난센스 퀴즈 등의 ‘활동 페이지’, 어린이 독자들이 자신의 이야기와 속마음을 마음껏 써 볼 수 있는 ‘일기 쓰기’ 페이지는 이 책을 읽는 어린이들이 일기 쓰기를 더욱 재미있고 흥미롭게 느낄 수 있게 돕는 멋진 요소입니다.  1권보다 더욱 흥미진진하고 통쾌한 웃음으로 돌아온 『흔한 남매 안 흔한 일기 2』에서 에이미와 으뜸이의 공감 백배 이야기를 만나 보세요!"
23,언컨택트,더 많은 연결을 위한 새로운 시대 진화 코드 ,김용섭,8.6,17,"16,200원","코로나19 이후 우리 삶은 어떻게 달라져 있을까?2020년 코로나19로 촉발된 전혀 새로운 삶의 방식 ‘언컨택트’! 불편한 소통보다‘편리한 단절’을 꿈꾸는 현대인의 욕망,라이프스타일의 거대한 진화는 이미 시작됐다!접촉 불안이 가져온 일상의 대전환기! 불안과 위험의 시대를 건너는 우리의 자세는 어떻게 달라져야 하는가? 2020년 코로나19로 인해 세상의 관심은 ‘언컨택트’에 집중되었다.  언컨택트는 단순한 사회적 거리두기가 아니다. 오랜 시간 우리 사회가 발전시켜온 욕망의 산물이자, 새로운 시대를 읽는 가장 중요한 진화 코드다. 언컨택트는 소비의 방식만 바꾸는 게 아니라, 기업들의 일하는 방식도, 종교와 정치, 연애를 비롯한 우리의 의식주와 사회적 관계, 공동체까지도 바꾸고 있다. 언컨택트가 사회를 어떻게 바꾸고, 우리의 욕망과는 어떻게 연관되며, 비즈니스에선 어떤 기회와 위기를 줄지를 다양한 이슈들을 통해서 들여다본다. 한국을 대표하는 트렌드 분석가의 담대하고 치밀한 미래 전망서이다."
24,철도원 삼대,,황석영,9.5,57,"18,000원","한반도 100년의 역사를 꿰뚫는 방대하고 강렬한 서사의 힘지금의 우리는, 끊임없이 싸워온 우리들의 결과다어쨌든 세상은 조금씩 아주 조금씩 나아져간다세계적인 거장 황석영이 장편소설 『철도원 삼대』로 한반도 백년의 역사를 꿰뚫는다. 철도원 가족을 둘러싼 방대한 서사를 통해 일제강점기부터 해방 전후 그리고 21세기까지 이어지는 노동자와 민중의 삶을 실감나게 다루고, 사료와 옛이야기를 절묘하게 넘나들며 대한민국 근현대사를 문학적으로 탁월하게 구현해냈다. 바야흐로 남과 북을 잇는 철도를 꿈꾸는 이 시대에 강렬한 서사의 힘을 느낄 수 있는 작품이기도 하거니와 구상부터 집필까지 30년이 걸린 작가 필생의 역작이기도 하다. 세월을 거듭할수록 더욱 강력해지는 황석영만의 독보적인 입담과 그가 그려내는 생생한 인물들은 우리 문학사의 자랑으로 오래 남을 것이다."
25,맛있게 살 빠지는 고단백 저탄수화물 다이어트 레시피,,미니 박지우,10.0,11,"15,750원","다이어트 할 때도 맛있게 먹어야 성공한다!미니는 22kg, 엄마는 17kg을 감량하고수많은 다이어터의 감량을 성공시킨, 믿고 먹는 미니표 레시피 10130만 명이 선택한 최강 다이어터이며 베스트셀러 ‘고단백 저탄수화물 다이어트 레시피’ 시리즈 저자, 미니 박지우의 최신작! 밍밍한 다이어트식에 지친 다이어터를 위해 속세음식 못지않게 맛이 폭발하는 다이어트 요리를 담은 『맛있게 살 빠지는 고단백 저탄수화물 다이어트 레시피』로 돌아왔다.미니표 레시피의 장점은 세 가지다. 첫째, 3일 만에 뱃살이 쏙 들어가고 누구나 감량에 성공하는 검증된 레시피라는 것. 미니는 22kg, 미니의 엄마는 17kg을 감량했고 수많은 사람들이 미니의 레시피로 다이어트에 성공해 후기가 잇따를 만큼 확실하게 살이 빠진다. 둘째, 다이어트 식단인지 모를 만큼 맛있다는 것. 치킨, 떡볶이는 물론이고 동남아음식, 디저트까지 맛이 폭발하는 속세 맛 요리가 매일매일 치팅데이처럼 맛있는 식사를 선물한다. 셋째, 조리법이 쉽고 간단하다는 것. 재료를 섞어서 가열하면 순식간에 완성되는 10분컷 초간단 레시피는 귀차니스트도, 요리 왕초보도 모두 만족할 만큼 쉽다. 팬 하나로 조리와 식사를 끝내는 원팬 요리, 초간단 전자레인지&에어프라이어 요리, 도시락, 밀프렙, 냉파 채소 요리, 간식까지, 실천 가능한 쉽고 친근하고 맛있는 레시피로 다이어트의 신세계를 맛볼 것이다."
26,하버드 상위 1퍼센트의 비밀,신호를 차단하고 깊이 몰입하라 ,정주영,9.3,105,"14,400원","하버드에서 찾은 가장 강력한 성공 공식!Black Diamond=Block(차단)×Deep(깊은 이해)“신호를 차단하고 깊이 몰입하라”하버드에서 똑같은 수업을 들으면서도 자신들은 다른 하버드생들과 다르다고 선 긋는 집단이 있다. 그들은 하버드에서도 가장 폐쇄적인 투자자 집단인 ‘블랙 다이아몬드’다. 그들은 사회가 기대하는 성공 곡선을 따라가지 않는다. 입학 순간부터 월스트리트에 투자하며 워런 버핏의 꿈을 깊게 그려간다. 그리고 그들은 애초부터 다른 씨앗이었던 것처럼 월스트리트에서 화려하게 성공한다. 하버드는 이들을 연구하기 시작했다. 하버드 최고 교육심리학자 하워드 가드너는 ‘블랙 다이아몬드’와 같이 한 분야에 깊게 빠져드는 집단을 지켜보며, 우리가 기존에 알고 있었던 성공의 공식은 잘못되었다고 결론 내린다. 이 책의 저자는 다양한 사례와 연구 내용을 근거로 들며, 부정적 신호에 대한 차단의 중요성을 강조한다. 대부분의 평범한 사람들은 성장하면서 본인을 특별하게 만드는 신호보다는 그저 계속 평범하게 살도록 유도하는 신호를 받게 된다. 평범한 신호를 받는 학생들은 아무도 “내가 똑똑하니까”라고 말하지 않는다. 반대로 “나는 평범하니까”라고 말하는 데 익숙해지는 것이다. 주변의 신호가 1등의 신호가 아니라면 이제 우리는 그 신호부터 차단해야 한다. 그리고 부정적인 신호를 차단한 뒤엔 자신의 분야에 대한 깊은 몰입이 요구된다. 차단과 깊은 이해가 가져다주는 빛 또는 힘. 다시 말해, 블랙 다이아몬드(Black Diamond)=Block(차단)×Deep(깊은 이해). 이것이 바로 저자가 발견한 이 시대의 가장 강력한 성공 공식이다. 부정적인 평을 듣던 야구선수 페드로이아가 슈퍼스타가 될 수 있었던 비결은 무엇일까. 학업 성적이 좋지 않았던 키신저가 불과 몇 년 만에 하버드를 최우수 성적으로 졸업하고 성공의 길을 걸었던 이유, 똑같은 최악의 환경에서 어떤 이는 테러리스트가 되고, 또 다른 이는 하버드 최연소 교수가 될 수 있었던 이유는 무엇일까. 이 책에는 세상의 많은 블랙 다이아몬드들이 새로운 성공을 밝히는 이야기들로 가득하다. 독자들은 사회가 평가한 성적 그대로를 자신의 한계로 생각해왔던 것을 버리고, 신호를 차단할 수 있는 용기와 자신의 분야에 깊어질 수 있는 힘을 가질 수 있을 것이다."
27,장군이네 떡집,,"김리리,이승현",9.7,16,"8,550원","『장군이네 떡집』-복 없는 장군이에게 행복을 불어넣은 신비한 떡집 이야기 팥떡을 먹으면 집중력이 팍팍 높아지고, 용떡을 먹으면 용기가 용솟음친다고?    장군이는 허리에 텅 빈 복주머니를 차고 태어났다. 삼신할머니는 아이들에게 복 하나씩은 넣어 주는데, 장군이가 태어날 때 하필 복 열매가 하나도 맺히지 않은 것이다. 그래서 장군이는 공부 잘하는 복, 잘 먹고 잘 싸는 복, 운동 잘하는 복 등등 하나는 가지고 태어났어야 할 복이 하나도 없다. 뭐든 뜻대로 잘되는 일이 없어 부정적인 데다 자존감이 낮던 장군이는 어느 날 이상한 떡집을 발견한다. 묘한 기운에 이끌려 들어갔지만, 역시나 운 없게도 떡 바구니는 텅텅 비어 있다. 그런데 작은 바구니에 떡 하나가 남아 있지 뭔가? 장군이는 속는 셈 치고 기분이 솔솔 좋아지는 진달래떡을 덥석 집어 든다.   장군이가 내야 할 떡값은 행복한 웃음이다. 스스로 복이 없다고 생각해 온 장군이가 행복한 웃음의 기억을 떠올릴 수 있을까? 작가는 용기가 용솟음치는 ‘용떡’, 집중력이 팍팍 높아지는 ‘팥떡’ 등 기발하고 재미난 떡을 통해 온전한 자기 자신으로서 자존감을 회복해 가는 장군이의 변화를 맛깔나는 웃음과 멋진 판타지로 엮어 낸다."
28,오래 준비해온 대답,김영하의 시칠리아 ,김영하,9.5,15,"14,850원","10년 만에 다시 돌아온 김영하의 본격 여행 산문『오래 준비해온 대답』은 소설가 김영하가 10여년 전 시칠리아를 여행하며 보고 느낀 것을 생생히 담아낸 책이다. 2009년 첫 출간 당시 많은 사랑을 받았던 『네가 잃어버린 것을 기억하라』를 새로운 장정과 제목으로 복복서가에서 다시 선보인다. 이번 개정 작업을 통해 작가는 문장과 내용을 가다듬고 여행 당시 찍은 사진들을 풍성하게 수록하였다. 초판에는 실려 있지 않은 꼭지도 새로 추가하여 읽는 재미를 더했다. 2007년 가을, 지금은 장수 여행 프로그램으로 자리매김한 EBS [세계테마기행]의 런칭을 준비하던 제작진이 작가 김영하를 찾아왔다. 그들이 작가에게 어떤 곳을 여행하고 싶냐고 물어보았을 때, 김영하는 ‘마치 오래 준비해온 대답’처럼 시칠리아라고 답한다. 당시 한국예술종합대학에서 학생들을 가르치고 있었던 작가는 그들과 함께 시칠리아를 다녀온 후, 교수직을 사직하고 서울의 모든 것을 정리한 뒤 다섯 달 만에 아내와 함께 다시 시칠리아로 떠난다. 그것은 밴쿠버와 뉴욕으로 이어지는 장장 2년 반의 방랑의 시작이었다. 우여곡절 끝에 어렵사리 도착한 시칠리아에서 그는 왜 그곳이 ‘오래 준비해온 대답’처럼 떠올랐는지 깨닫는다. 어려움을 겪고 있을 때 다정하게 다가와 도와주고는 사라지는 따뜻한 사람들, 누구도 허둥대지 않는 느긋하고 여유로운 삶, 장엄한 유적과 지중해. 그곳에서 작가는 자신을 작가로 만들었던 과거를 떠올리고(“어두운 병 속에 가라앉아 있는 과거의 빛나는 편린들과 마주하는 고고학적 탐사”), 오랫동안 잊고 있던 자기 안의 ‘어린 예술가’도 다시 만난다."
29,아몬드,,손원평,9.1,238,"10,800원","공감 불능 사회, 차가움을 녹이는 아몬드매혹적인 문체, 독특한 캐릭터, 속도감 넘치는 전개! “고통과 공감의 능력을 깨우치게 할 강력한 소설”영화보다 강렬하고 드라마처럼 팽팽한, 완전히 새로운 소설이 나타났다. ‘감정을 느끼지 못하는’ 소년의 특별한 성장 이야기로, 첫 장부터 강렬한 사건으로 시작해 다음 페이지가 궁금해지게 만드는 흡입력 강한 작품이다. 또한 타인의 감정에 무감각해진 ‘공감 불능’인 이 시대에 큰 울림을 주는 소설로, 작품 속 인물들이 타인과 관계 맺고 슬픔에 공감하며 성장해 나가는 과정을 탁월하게 묘사했다. 영화처럼 펼쳐지는 극적인 사건과 매혹적인 문체로 독자를 단숨에 사로잡을 것이다. 『완득이』 『위저드 베이커리』를 잇는 제10회 창비청소년문학상 수상작. 『아몬드』의 주인공 ‘윤재’는 감정을 느끼는 데 어려움을 겪는 독특한 캐릭터다. 다른 사람의 말과 행동의 이면을 읽어 내지 못하고 공포도 분노도 잘 느끼지 못하는 윤재는 ‘평범하게’ 살아가려고 가까스로 버텨 오고 있다. 엄마에게서 남이 웃으면 따라 웃고, 호의를 보이면 고맙다고 말하는 식의 ‘주입식’ 감정 교육을 받기도 한다. 세상을 곧이곧대로만 보는 아이, ‘괴물’이라고 손가락질받던 윤재는 어느 날 비극적인 사건을 맞아 가족을 잃게 되면서 이 세상에 홀로 남는다. 그런데 모든 것을 잃었다고 생각하던 순간에 윤재 곁에 새로운 인연이 다가온다. 어두운 상처를 간직한 아이 ‘곤이’나 그와 반대로 맑은 감성을 지닌 아이 ‘도라’, 윤재를 돕고 싶어 하는 ‘심 박사’ 등이 그러한 인물들이다. 윤재와 이들 사이에서 펼쳐지는 이야기는 우리로 하여금 타인의 감정을 이해한다는 것이 얼마나 어려운지, 그럼에도 얼마나 소중한 일인지 다시 한번 생각해 보게 한다. 상실을 애도할 시간, 감정을 보듬을 여유를 잃어버린 채 살고 있는 독자들은 윤재를 응원하면서 자신의 마음 또한 되돌아볼 기회를 얻을 것이다. 윤재의 덤덤한 어조는 역설적으로 읽는 이의 가슴을 더욱 슬프게 저미며, 독자는 이 작품을 통해 깊고 진실한 감정의 고양을 경험할 수 있을 것이다."
30,소원 떡집,,"김리리,이승현",10.0,8,"8,550원","『소원 떡집』-꼬랑쥐의 간절한 소원을 들어준 신비한 떡집의 비밀 소원 떡이 필요한 아이들에게 떡을 배달해 주면 사람이 되게 해 준다고?   유달리 작은 몸집과 앞니를 가지고 태어난 꼬랑쥐는 무리와 어울리지 못하고 언제나 혼자다. 쥐답게 살 수 없을 바에야 사람이 되어 자유롭게 살기를 꿈꾸던 꼬랑쥐는 사람 손톱을 먹고 사람이 되었다는 먼 조상의 이야기를 듣게 된다. 그리고 그날부터 아이들 손톱을 찾아 먹으며 사람이 되게 해 달라고 간절한 소원을 빈다. 그러던 어느 날 꼬랑쥐는 이상한 떡집을 발견한다. 가게 앞 푯말에는 아이들에게 신속 정확하게 ‘소원 떡’을 배달해 주면 사람이 되게 해 준다고 적혀 있다. 하지만 받을 사람의 이름이나 주소는 적혀 있지 않다. 꼬랑쥐는 소원 떡이 누구에게 필요할지 아이들 손톱 맛을 떠올려 보기 시작한다.   입만 열면 욕을 하는 만복이 손톱은 매운맛, 복 없는 장군이 손톱맛은 떫은맛, 몸이 약한 은지 손톱은 씹을 것도 없이 부서져 버렸다. 꼬랑쥐는 ‘기운이 쑥쑥 나는 쑥버무리’를 은지에게 배달해 주기로 한다. 『만복이네 떡집』과 『장군이네 떡집』에서는 두 아이가 떡집을 찾는 주체로 등장해 스스로 변화를 만들어 냈다면, 『소원 떡집』에서는 꼬랑쥐가 아이들에게 떡을 배달해 주며 자기 자신뿐만 아니라 아이들의 마음을 치유하는 과정이 그려져 있다. 아이들을 위한 ‘떡집’을 차린 삼신할머니의 마음과 꼬랑쥐의 간절한 소원이 맞닿으며 ‘만복이네 떡집’ 시리즈를 귀결하는 작가의 따듯한 메시지가 느껴진다.     여러분도 소원이 있나요? 그럼 간절히 소원을 빌어 보세요. 오늘 밤 ‘소원 떡’을 입에 물고 여러분을 찾아갈게요. 여러분이 외롭고 힘들 때, 제가 여러분의 편이 되어 드릴게요. -작가의 말 중에서"
31,큰별쌤 최태성의 별★별 한국사 한국사능력검정시험 심화 (하),,최태성,9.6,11,"13,050원","오랜 연구와 검증으로 한국사에 기초가 전혀 없는 사람도 단기간에 한능검에 합격할 수 있는 최적의 구성을 완성하였다. 판서의 장인 큰별쌤 최태성이 핵심만을 모아 만든 아트 판서를 수록하고, 시험에 자주 등장하는 사료, 사진, 지도 등을 모아 해설하여 합격을 위한 필수 개념을 익히기 쉽게 하였다. 또한, 한능검 기출문제를 모두 분석한 후 반복적으로 출제되는 주제의 최신 기출문제를 꼼꼼 친절 해설과 함께 담아 실전에 대비할 수 있으며, 기출 선택지를 이용한 별 채우기 문제를 수록하여 반복 학습을 통해 자연스럽게 기출 선택지가 기억될 수 있도록 하였다. * 제시된 이미지는 책의 뒷표지입니다. 많은 사람들이 쓰는 책의 앞표지에 선한 메시지가 담기면 좋겠다는 큰별쌤의 뜻에 따라 『별별한국사 한국사능력검정시험 심화(1?2?3급) 하』의 앞표지는 최재형 선생님에 대한 이야기로 구성되었습니다."
32,2050 거주불능 지구,한계치를 넘어 종말로 치닫는 21세기 기후재난 시나리오 ,"데이비드 월러스 웰즈,김재경",9.5,21,"17,820원",‘지구의 날’ 50주년을 맞이해 출간되는 『2050 거주불능 지구』는 최신 연구 자료와 통계적 근거를 바탕으로 가장 믿을 만한 기후변화의 미래 시나리오를 제시한다. 기존 기후변화와 관련한 다양한 논의들을 비판적으로 종합해 우리의 일상을 파괴할 지구온난화의 실제적인 영향과 그림을 제시한다. 단순한 ‘환경운동’이나 개인의 윤리적 각성으로도 해결할 수 없는 기후변화의 막대한 영향력을 규명하는 『2050 거주불능 지구』는 걷잡을 수 없는 전염병 등으로 총체적 위기를 맞이한 인류 사회가 반드시 참고해야 할 기후재난 대응 매뉴얼이자 미래보고서다.
33,흔한남매 4,,"흔한남매,백난도,유난희,샌드박스 네트워크",9.5,75,"10,800원","웃음 폭탄 '에피소드'와 깨알 재미 '놀이'의 조합!어린이의 웃음 코드에 맞춰 엄선한 에피소드를 앙증맞고 유머러스한 만화로 풀어 냈습니다. 웃음을 유발하는 에이미와 으뜸이의 티격태격 일상은 물론이고, 두근두근 새 학기를 맞이한 남매,  에이미의 연애 코치, 으뜸이의 기막힌 동생 사용 설명서, 달콤 살벌한 밸런타인데이, 리코더 폭풍 연습 등 골라 읽는 재미가 가득한 에피소드 만화가 수록되어 있습니다. 또한 에피소드 만화 중간중간에는 유튜브에서는 만날 수 없었던 ‘소곤소곤 스트레스 해소하기’, ‘완전 인싸! 나만의 사인 만들기’, ‘요리 금손 으뜸이의 시크릿 레시피’ 등 깨알 재미가 가득한 놀이 페이지가 수록되어 있습니다."
34,2020 산업안전기사 실기+전과목 무료동영상 [필답형+작업형],,최윤정,10.0,1,"30,600원","이 도서는 산업안전기사 실기로 실기시험에 필요한 필답형과 작업형으로 나누어 구성하였다. 필수 이론과 예상문제로 실기시험에 충분히 대비할 수 있도록 체계적으로 수록하였다. 산업안전실기시험에 필요한 노하우와, 팁, 필수 스케쥴도 수록하여 수험생들에게 도움이 되고자 최대로 노력하였다."
35,2020 위포트 한국전력공사 KEPCO 직무능력검사 NCS 실전 봉투 모의고사,,위포트 연구소,10.0,16,"11,610원","『2020 위포트 한국전력공사 KEPCO 직무능력검사 NCS 실전 봉투 모의고사』는 2020년 한국전력공사 채용 대비를 위한 수험/학습서이다. 이 책은 최신 출제 유형 및 난이도를 반영하여 한국전력공사 NCS 실전 완벽 대비가 가능한 실전 수험서로, 한국전력공사 실전 모의고사 3회 [NCS 3회 + 전공(전기 · ICT) 3회]와 온라인 모의고사 1회를 제공한다. 또한, 한국전력공사 최신 출제 경향을 반영한 복합추론형 문항(의사소통능력+수리능력 유형, 문제해결능력+자원관리능력 유형 등)을 수록하였다. 이외에도, 도서 구매자를 위해 교재 문제풀이 후 실제 한국전력공사 준비생들 중 나의 위치를 확인할 수 있는 ‘한국전력공사 실력점검+합격예측 서비스’와 ‘공기업 NCS 수리능력 고득점 핵심 전략 강의’를 포함한 공기업 합격 4종 혜택을 제공하고 있다."
36,만복이네 떡집,,"김리리,이승현",9.6,51,"7,650원","만복이는 부잣집 외동아들로 태어나서 부모님 할아버지, 할머니, 삼촌, 이모들의 사랑을 듬뿍 받으며 컸습니다. 키도 크고 얼굴도 잘 생기고 공부도 잘했습니다. 하지만 왜인지, 만복이는 항상 나쁜 말만 했습니다. 좋아하는 친구에게도 ""잘난척쟁이""라고 하고 선생님한테도 화만 냈습니다. 그런 만복이의 눈앞에 만복이네 떡집이 나타났습니다. 입이 척 달라붙어 말을 못하게 되는 찹쌀떡은 착한 일 한개, 달콤한 말이 술술 나오는 꿀떡은 아이들 웃음 아홉개라고 써져있는 떡집덕분에 만복이는 착하게 산다는 것이 무엇인지 배우게 됩니다.아이들이 자신도 모르게 하는 나쁜 말이나, 잘못들을 왜 그랬는지 한번 더 생각해 볼 수 있도록 해주는 책입니다. 입이 척 달라붙어 말을 못하게 되는 찹쌀떡을 먹고 만복이는 자신의 말이 친구들에게 얼마나 상처를 줬는지를 알게 됩니다. 아무말을 하지 않자 만복이가 하는 행동들을 친구들이 기분 좋게 받아들여 주기 때문입니다. 만복이가 하는 착한 일들을 아이들이 보면서 그것이 얼마나 즐거운 일인지를 알 수 있게 해줍니다. 바람떡, 꿀떡, 무지개떡을 먹은 만복이가 웃는게 얼마나 기분 좋은 일인지, 칭찬이 얼마나 좋은 것인지 그리고 상대방의 입장에서 생각하는 것이 얼마나 중요한지를 알려줍니다."
37,설민석의 한국사 대모험 13,역사의 진실 편 : 뒤바뀐 역사를 되돌려라! ,"설민석,스토리박스,정현희,태건 역사 연구소",9.6,62,"10,800원","『설민석의 한국사 대모험 13』에서는 X맨을 잡기 위한 역사 여행 중에 위인들의 어린 시절 모습을 만나게 됩니다. 이순신과 류성룡, 안중근의 어린 시절은 어떠했기에, 그분들이 우리 역사를 빛낸 영웅으로 성장할 수 있었을까요? 나라와 민족을 위해 목숨을 바친 영웅들의 모습은 『한국사 대모험』의 어린이 독자들에게 큰 감동과 교훈을 선사할 것입니다. 그리고, 드디어 밝혀지는 X맨의 충격적인 정체와 계획! 우리나라를 침략한 일본에 빌붙어 나라와 민족을 배신하고 자신의 안위와 부를 추구했던 친일파와 밀정, 우리 역사의 아픈 상처인 그들의 이야기도 『설민석의 한국사 대모험 13』에서 만날 수 있습니다. 『설민석의 한국사 대모험』 시리즈는 앞으로도 어린이들이 한국사에 재미를 가질 수 있도록 더욱 흥미로운 이야기와 함께 다양한 시대, 다양한 인물을 통해 한국사를 접할 수 있도록 만들어나갈 것입니다. 『설민석의 한국사 대모험』 시리즈는 대한민국의 어린이 독자들이 지덕체를 모두 갖춘 훌륭한 인재가 되는 길을 안내하는 길라잡이입니다!"
38,큰별쌤 최태성의 별★별 한국사 한국사능력검정시험 심화 (상),,최태성,9.3,18,"13,050원","오랜 연구와 검증으로 한국사에 기초가 전혀 없는 사람도 단기간에 한능검에 합격할 수 있는 최적의 구성을 완성하였다. 판서의 장인 큰별쌤 최태성이 핵심만을 모아 만든 아트 판서를 수록하고, 시험에 자주 등장하는 사료, 사진, 지도 등을 모아 해설하여 합격을 위한 필수 개념을 익히기 쉽게 하였다. 또한, 한능검 기출문제를 모두 분석한 후 반복적으로 출제되는 주제의 최신 기출문제를 꼼꼼 친절 해설과 함께 담아 실전에 대비할 수 있으며, 기출 선택지를 이용한 별 채우기 문제를 수록하여 반복 학습을 통해 자연스럽게 기출 선택지가 기억될 수 있도록 하였다. 여기에 한국사 연표와 지역의 역사를 담은 지도를 제공해 한국사 흐름잡기가 더욱 쉬울 것이다.제시된 이미지는 책의 뒷표지입니다.많은 사람들이 쓰는 책의 앞표지에 선한 메시지가 담기면 좋겠다는 큰별쌤의 뜻에 따라 『별별한국사 한국사능력검정시험 심화(1·2·3급) 상』의 앞표지는 이회영 선생님에 대한 이야기로 구성되었습니다."
39,Go Go 카카오프렌즈 14,그리스 ,"김미영,김정한",9.9,27,"10,800원","누적 판매 80만부를 돌파한 초 베스트셀러 [GO GO 카카오프렌즈] 시리즈!한국인이 가장 사랑하는 캐릭터 ‘카카오프렌즈’와 학습만화의 명가 ‘아울북’의 놀라운 콜라보![GO GO 카카오프렌즈] 시리즈가 출간 즉시 베스트셀러에 올라 누적 판매 부수 80만부를 넘겼다. [마법천자문]으로 학습만화의 시장을 연 아울북과 카카오프렌즈가 만나 탄생시킨 이 시리즈에서 카카오프렌즈의 라이언, 무지, 콘, 네오, 프로도, 튜브, 제이지, 어피치는 자신들의 성격을 드러내며 귀엽고 사랑스러운 매력을 내뿜는다. [GO GO 카카오프렌즈] 시리즈는 카카오프렌즈가 시간여행의 주인공이 되어 펼쳐지는 이야기로 독자들은 카카오프렌즈의 재기발랄한 여행을 통해 세계 곳곳의 다양한 역사와 문화를 경험한다. 깜찍한 캐릭터의 매력에 재미있는 스토리, 알찬 정보까지 겸비한 책으로, 어린 독자와 부모님의 마음까지 사로잡아 출간되자마자 베스트셀러에 올라 시리즈 전체가 꾸준한 사랑을 받고 있다."
40,소년이 온다,,한강,10.0,12,"11,700원","섬세한 감수성과 치밀한 문장으로 인간 존재의 본질을 탐구해온 작가 한강의 여섯번째 장편소설 『소년이 온다』가 출간되었다. 1980년 광주의 5월을 다뤄 창비문학블로그 ‘창문’에 연재할 당시(2013년 11월~2014년 1월)부터 독자들의 이목을 끌었던 열다섯살 소년의 이야기는 ‘상처의 구조에 대한 투시와 천착의 서사’를 통해 한강만이 풀어낼 수 있는 방식으로 1980년 5월을 새롭게 조명한다.한강은 무고한 영혼들의 말을 대신 전하는 듯한 진심 어린 문장들로 어느덧 그 시절을 잊고 무심하게 5.18 이후를 살고 있는 우리에게 묵직한 질문을 던지고, 여전히 5.18의 트라우마를 안고 힘겹게 살아가는 사람들을 위무한다. 『소년이 온다』는 광주민주화운동 당시 계엄군에 맞서 싸우던 중학생 동호를 비롯한 주변 인물들과 그후 남겨진 사람들의 고통받는 내면을 생생하게 그려내고, 당시의 처절한 장면들을 핍진하게 묘사하며 지금 “우리가 ‘붙들어야 할’ 역사적 기억이 무엇인지를 절실하게 환기하고 있다(백지연 평론가).”“이 소설을 피해갈 수 없었”고, “이 소설을 통과하지 않고는 어디로도 갈 수 없다고 느꼈”다는 작가 스스로의 고백처럼 이 소설은 소설가 한강의 지금까지의 작품세계를 한단계 끌어올리는, “한강을 뛰어넘은 한강의 소설(신형철 평론가)”이라고 자신 있게 말할 수 있는 작품이다."
