,id,processing_tags
0,9100,"['힐링', '휴식', '설레다', '사랑']"
1,36436,"['꿀잠', '휴식', '피아노', '공부', '생각', '책', '읽다', '때', '뉴에이지', '숙면', '북카페']"
2,37706,"['매장', '음악', '까페']"
3,68772,"['웹진', '웨이브', 'weiv', '위', '클리', '초이스', '기분', '전환']"
4,32217,"['위로', '긍정', '에너지', '힘내다', '힘나다']"
5,111996,"['역주행', '_', '하다', '_', '하다', '노래', '역주행', '카페', '가을']"
6,41321,"['내한', '감성', '맨', '아이', '트러스트', '팝', '인디팝', '몽환', '음색', '서정', '적', '인', '밴드', 'MIT']"
7,18956,"['파티', '춤', '댄스', '기분', '전환', '흥겹다', '움', '신나다']"
8,118531,"['스트레스', '기분', '전환']"
9,111704,"['매장', '음악']"
10,74077,"['몽환', '꿈', '에서']"
11,124368,"['빗', '소리', '힐링', '효과음', '파도', '소리', '자연', '의', '소리']"
12,127173,"['슬픔', '힐링', '휴식', '이별']"
13,46136,"['감성', '발라드', '백청강', '드라이브', '여행', '기분', '전환', '애창', '곡', '파워', '보컬', '노래방']"
14,24516,"['스트레스', '기분', '전환']"
15,85523,"['인디음악', '어쿠스틱', '한', '감성', '매장', '음악', '발라드']"
16,141174,"['힐링', '휴식', '추억', '회상']"
17,116495,"['뉴에이지', '봄날', '반갑다']"
18,25643,"['하드록', '강렬하다', '헤비메탈', '클래식', '록', '명곡', '1960년', '대', '록']"
19,136111,"['물론', '애인', '은', '없다', '봄']"
20,110704,"['힐링', '여행', '월드뮤직', '아일랜드']"
21,74261,"['힐링', '휴식', '까페']"
22,102594,"['기분', '좋다', '기분', '전환', '기분', '좋다']"
23,29907,"['스트레스', '기분', '전환']"
24,42663,"['힐링', '휴식', '가을']"
25,77884,"['따다', '한', '겨울', '감성', '아이유', '겨울', '볼', '빨갛다', '사춘기', '12월', '크리스마스', '디즈니', '겨울', '노래', '추다', '날']"
26,103307,"['슬픔', '밤', '이별', '새벽']"
27,113394,"['퇴근길', '발라드']"
28,85771,"['자존감', '회복', '위로', '감성', '기분', '전환']"
29,14718,"['프로', '듀스', '101시', '즌', '2', '수고', '하다']"
30,23105,"['겨울', '추억', '회상']"
31,143200,"['힙합', '랩']"
32,39430,"['까페', '잔잔하다']"
33,124077,"['자장가', '도움']"
34,30657,"['클럽', '스트레스']"
35,30566,"['힐링', '휴식', '가을']"
36,45532,"['뉴에이지', '시작']"
37,147595,"['여유', '로운', '휴일', '토요일', '주말', '카페', '브런치', '커피', '팝송', '가로수길']"
38,24600,"['조용하다', '스트레스', '드라이브', '시간', '사색', '커피', '위', '한', '나르다', '스피커', '내', '공간']"
39,27300,"['Deanfluenza', '감성', '힙합', 'DEAN', '권혁', '작곡가', '딘']"
40,61493,"['클럽', '기분', '전환']"
41,79231,"['여름', '록페스티벌', '밴드', '경쾌하다', '트렌드', '제이록', '제이팝', '신나다']"
42,92114,"['UMF', '소리', '크다', '음악', 'Pop', '일렉트로니카']"
43,149799,"['댄스', '여성', '아이돌']"
44,147671,"['일', '렉']"
45,29066,"['남자', '남성', '보컬', '그룹', '팝', '트랙', '보이밴드']"
46,95808,"['연주', '곡', '취향', '저격', 'DJ', '생각', '생각', '이', '_', '많다', '_', '밤', '재즈', '피아노', '뉴에이지']"
47,86623,"['노동요', '발라드', '신나다', '음악', '트로트', '지루하다', '틈', '없다', '노래', '폭풍', '고음', '사무실', '짜증나다', '때', '댄스', '음악']"
48,88590,"['우울', '분위기', '몽환', '섹시', '몽환', '적', '인', 'Sexy']"
49,62157,"['집중', '카페', '연주', '곡', '잔잔하다', '피아노', '가을', '뉴에이지', '쌀쌀하다', '아침']"
50,35431,"['키즈', '클래식', '8', '살']"
51,119216,"['힐링', '휴식', '까페']"
52,28490,"['기념', '모음', '집', '그루', '브', '브랜뉴직', '컴백', '음악', '추천']"
53,60270,"['일', '렉']"
54,141311,"['카페', '재즈', '느낌']"
55,96258,"['잔잔하다', '설레다', '사랑']"
56,69984,"['가을', '감성', '저녁', '느끼다', '카페', '발라드', '가을', '밤', '드라이브', '밤', '새벽']"
57,36721,"['감각', '적', '인', '컨트리', '21', '세기', '컨트리', '트렌디', '컨트리팝', '세련되다']"
58,76257,"['휴식', '힐링', '여행', '산책']"
59,2841,"['여행', '산책']"
60,118596,"['무드', '감성', '알앤비', 'RnB', '외힙', '혼술', '힙합', '감성', '스트레스']"
61,92853,"['기분', '전환']"
62,82693,"['시원하다', '스트레스']"
63,109625,"['슬픔', '이별', '센치', '우울']"
64,77081,"['잔잔하다', '밤', '새벽']"
65,51223,"['비', '오는', '날', '밤', '새벽']"
66,147626,"['힙합', '랩']"
67,8113,"['감성', '잔잔하다', '취향', '저격', '기분', '전환', '팝송', '모음', '팝송']"
68,30440,"['힐링', '휴식', '까페']"
69,31330,"['노래', '모음', '개다', '성', '감성', '밤', '사춘기']"
70,76184,"['비', '오는', '날', '까페']"
71,109631,"['띵곡', '일간', '차트']"
72,93441,"['산책', '추억', '여행', '회상']"
73,25790,"['새벽', '추억', '밤', '회상']"
74,142611,"['휴식', '힐링', '설레다', '사랑']"
75,43804,"['감성', '밤', '가을', '새벽', '개다', '성', '자다']"
76,15978,"['글쓰기', '습작', '감성', '충만', '글', '쓸다', '때']"
77,22794,"['힐링', '휴식']"
78,150211,"['트로트', '낭만', '합정역', '5', '번', '출구', '드라이브', '낙엽', '2019', '추위', '유산', '슬', '사랑', '의', '재개발', '신나다']"
79,19650,"['중국', '음악', '추억', '명곡', '홍콩', '음악', '향수', '포근하다', '대만', '음악', '힐링']"
80,60492,"['여자친구', 'Gfriend']"
81,114776,"['스포츠', '다이어트', '복싱', '운동', '복싱', '댄스', '가요', '댄스', '음악']"
82,54409,"['여름', '기분', '전환']"
83,4666,"['힐링', '휴식', '잔잔하다']"
84,97151,"['힙합', '랩']"
85,132432,"['여름', '까페']"
86,8771,"['힐링', '휴식', '가을']"
87,45951,"['토토가', '3']"
88,125610,"['기분', '전환', '로즈데이', '아름답다', '장르', '불문']"
89,80374,"['여름', '감성', '댄스', '발걸음', '상쾌', '노래', '추천', '내적댄스', '신나다']"
90,77858,"['클럽', '시원시원', '분위기', '전환', '팝송', '사이다', '신나다']"
91,50068,"['슬픔', '추억', '이별', '회상']"
92,57971,"['일', '렉']"
93,91489,"['힐링', '휴식', '잔잔하다']"
94,127025,"['Pop', '빌보드', 'Hot', '50', '빌보드']"
95,55008,"['추억', '회상', '서정', '적', '1970', '_', '80', '여자', '가수', '명곡', '대중', '적', '가창력', '향수', '가요', '1980년', '대']"
96,132587,"['밤', '새벽']"
97,95066,"['Billboard', '팝', 'Hot', '100', 'TOP', '20', '미국']"
98,37081,"['설레다', '까페', '사랑']"
99,66928,"['일렉트로니카', '홍대', 'EDM', '클럽', '강남', '하우스', '일', '렉']"
100,75932,"['힙합', '홍비', '홍대', '엔비', '홍대', '홍대', '힙합', '추억', '들썩들썩', '스트레스', '가즈', '아']"
101,30582,"['에', '시드', '재즈', '라운지', '자미로콰이', '새벽', 'ParisMatch', '그루', '브', 'AcidJazz', '기분', '전환', 'jamiroquai', '퇴근길']"
102,124621,"['영', '탁', '임영웅', '미스', '트로트', '김수찬', '홍진영', '미스터', '트로트', '정', '다', '경', '홍', '자', '장윤정', '트로트']"
103,104727,"['힙합', '클럽', '일', '렉']"
104,11970,"['힙합', '랩']"
105,137003,"['따뜻하다', '사랑']"
106,78179,"['dance', 'groove']"
107,23314,"['힙합', '힙합엘이', '알앤비']"
108,78338,"['가을', '추억', '드라이브', '센티', '멘탈', '사랑', '이별']"
109,43709,"['여름', '기분', '전환']"
110,61048,"['우울', '감성', '발라드', '한국', '발라드', '비']"
111,83400,"['클럽', '운동']"
112,48483,"['휴식', '힐링', '잔잔하다']"
113,117664,"['카페', '루프', '탑', '잔잔하다', '감각', '적', '인', '매장', '바람', '힐링', '가을', '오후', '선선', '한']"
114,4097,"['하다', '위로', '힘들다', '때', '토닥토닥']"
115,102077,"['어쿠스틱', '여유', '발라드', '분위기', '잠들다', '기전', '조용하다', '혼자', '띵곡', '이다', '편안하다']"
116,57874,"['감성', '적', '인', '노래', '추억', '발라드', '명곡', '들', '2000년', '대명곡들']"
117,20822,"['기분', '전환']"
118,12900,"['잔잔하다', '밤', '새벽']"
119,11175,"['감성', '어쿠스틱', 'indie', '인디음악', '나', '만', '알다', '노래', '좋다', '노래', '기타', '아침', '에', '듣기', '좋다', '노래', '자다', '듣기', '좋다', '노래', '이다']"
120,31185,"['겨울', '출근길', '가을', '아침', '잔잔하다', '피아노', '뉴에이지', '편안하다']"
121,142382,"['이별', '힐링', '마음']"
122,143399,"['힙합', '가을', '알앤비', '드라이브', '여행', '낙엽', '스트레스', '소울', '신나다']"
123,72937,"['electropop', 'SynthPop', '일렉트로팝', 'Pop', '일렉트로니카']"
124,63169,"['이어폰', '보다', '겨울', '밤', '추억', '슬픔', '감성', '슬프다', '때', '이별', '찬', '바람', '새벽']"
125,13031,"['매장', '음악', '설레다', '사랑']"
126,93042,"['감성', '애프터', '나잇', '가을', '발라드', '프로젝트', '사랑', '혼자', '외로움']"
127,30976,"['힐링', '휴식', '잔잔하다']"
128,21177,"['따스하다', '매장', '음악', '봄', '카페', '피아노', '연주', '곡', '연주', '곡', '봄날', 'bgm', '힐링', '뉴에이지']"
129,84739,"['추억', '회상']"
130,119683,"['비', '오는', '날', '잔잔하다']"
131,41310,"['기분', '전환']"
132,38404,"['힙', '감각', '적', '인', '트렌디', '매장', '음악', 'EDM']"
133,13639,"['겨울', '매장', '음악', '카페', '잔잔하다', '추억', '커피', '설레다', '사랑', '이별']"
134,141767,"['힙합', '힙합엘이', '블랙뮤직', 'HIPHOPLE', '흑인음악']"
135,51708,"['다이어트', '기분', '전환', '운동']"
136,147849,"['일', '렉']"
137,34901,"['짝사랑', '눈물']"
138,72713,"['CCM', '찬양', '하나님', '워십', '사랑']"
139,139499,"['밤', '까페', '새벽']"
140,134588,"['매장', '음악', '어쿠스틱', '알앤비', '포크', '운동', '드라이브', '기분', '전환', '장르', '불문', '트렌디', '이다']"
141,60319,"['연말', '감성', '밤', '마무리', '겨울', '잠들다', '기전', '이불', '자다', '들다', '밤', '느낌', '쌀쌀하다']"
142,71532,"['감성', '카페', '알앤비', '재즈', '재즈', '바', '재즈', '힙합', '편집', '샵']"
143,102458,"['트로피', '컬', '감성', '드라이브', '일렉트로니카']"
144,80568,"['CharliePuth', '찰리', '푸스', '찰', '푸덕']"
145,15508,"['저녁', '감성', '자극', '밤', '혼자', '있다', '때', '발라드', '추천', '사랑', '이별', '띵곡', '퇴근', '_', '후']"
146,130298,"['일렉트로니카', '매장', '음악', '취향', '저격', '댄스', '드라이브', 'EDM', '불금', '기분', '전환', '하우스음악', '신나다']"
147,144359,"['띵곡', '의', '어쿠스틱', '혼자', '발라드', '분위기', '드라이브', '힐링', '산책', '퇴근길', '이다']"
148,117002,"['락', '1980', '여성', '록', '보컬']"
149,13063,"['쫑', '분위기', '좋다', '노래']"
150,43218,"['힙합', '조용하다', '듣기', '편하다', '힙합', '듣기', '좋다', '노래']"
151,66033,"['클럽', '기분', '전환']"
152,93613,"['신나다', '매장', '음악', '아르바이트', '카페', '외국', '힙합', '좋아하다']"
153,144141,"['휴일', '연휴', '주말', '나른하다', '집', '혼자', '있다', '때', '뉴에이지', '자다', '편안하다', '외로움']"
154,98834,"['빠져들다', '계속', '듣다', '되다']"
155,83980,"['기분', '좋다', '저녁', '알앤비', '힐링', '산책', '선선', '한']"
156,59563,"['출근길', '드라이브', '기분', '전환', '퇴근길', '팝', '산뜻하다']"
157,13905,"['강렬하다', '록', '드라이브', '에어', '기타', '헤드뱅잉', '기분', '전환', '락', 'Rock', '스트레스', '신나다']"
158,29407,"['여름', '힐링', '휴식']"
159,78476,"['propose', '달달', '분위기', '연애', '심쿵', '고백', '설레다', '사랑', '프로포즈', '썸']"
160,42803,"['밤', '에', '듣기', '좋다', '팝송', '공허하다', '때']"
161,11074,"['스트레스', '운동']"
162,75144,"['저녁', '밤', '회상', '추억', '그리움', '슬픔', '이별', '퇴근길', '스트레스', '새벽']"
163,39137,"['휴식', '매장', '음악', '봄', '카페', '잔잔하다', '취향', '저격', '센치', '감성', '기분', '전환', '보이스']"
164,28281,"['소울', '알앤비']"
165,23111,"['감성', '노동요', '카페', '드라이브', '월요병', '방콕', '집']"
166,134256,"['휴식', '힐링', '기분', '전환']"
167,42693,"['울적', '치명', '섹시', '퇴폐', '새벽']"
168,5726,"['다크나이트', 'OST', '조커', '영화']"
169,127742,"['추억', '회상', '감성', '가을', '카페', '가을', '밤', '추억', '바람']"
170,42776,"['기분', '전환', '설레다', '사랑']"
171,29350,"['꿀잠', '휴식', '태교', '잠자다', '때', '낮잠', '힐링', '잠들다', '기전', '오르다', '골', '자장가', '숙면']"
172,113647,"['추천', '곡', '가요', '발라드']"
173,44434,"['기분', '전환', '설레다', '사랑']"
174,53986,"['지금', '당장', '공간', '을', '아우르다', '노래', '노래', '들다', '시간', '을', '넘다', '하다']"
175,19574,"['봄', '설레다', '사랑']"
176,124601,"['다시', '찾다', '되다', '멜로디', 'POP', '6', '장르', '불문']"
177,79882,"['새벽', '감성', '울적하다', '때']"
178,63836,"['그랜드', '민트', '페스티벌', '어반자카파', 'GMF', '선우정아', '볼', '빨갛다', '사춘기', '인디뮤직', '페스티벌', '양', '다', '일']"
179,15619,"['겨울', '까페']"
180,39862,"['감성', '회상', '추억', '센치', '보컬', '사랑']"
181,31777,"['HIP', '출근길', '밤', '새벽', 'RandB', '우울', '몽환', 'Pop', '감성', '퇴근길']"
182,136276,"['트리오', '가을', '피아노', '재즈', '독서', '기분', '전환', '경쾌하다', '산책']"
183,126217,"['짙다', '감성']"
184,29437,"['겨울', '카페', '발라드', '월요일', '연애', '사랑', '썸', '이별', '추다', '날', '이다']"
185,125599,"['힙합', '랩']"
186,114359,"['여름', '설레다', '사랑']"
187,8565,"['드라이브', '하다', '때', '드라이브', '몽환', '적', '상쾌하다', '시원하다', '청량하다', '여행', '신나다']"
188,28421,"['지드래곤', '승리', '태양', '빅뱅', '탑', '대성', 'BIGBANG']"
189,119867,"['힙합', '랩']"
190,13874,"['기분', '전환', '여름', '드라이브', '스트레스', '해소', '여행']"
191,109825,"['뱀파이어', '사운드트랙', '2000년', '대이후', 'OST', 'Soundtrack', 'etc', '판타지', '영화음악', 'twilight']"
192,134234,"['천생연분', '미련', '기다림', '발라드', '바보', '케이윌', '사랑', '거니', '이별', '리수']"
193,127021,"['카페', '음악', '주말', '달달', '한', '매장', '힐링', '기분', '전환', '편안하다']"
194,1485,"['힐링', '휴식', '기분', '전환']"
195,6463,"['힙합', '랩']"
196,46408,"['잔잔', '조용하다', '비', '주말']"
197,40804,"['런웨이', '2017', 'SS', '뮤직']"
198,67722,"['저녁', '카페', '주말', '여름밤', '발라드', '드라이브', '감성', '가을', '데이트', '선선', '한']"
199,99492,"['밤', '잔잔하다', '꿈', '힘들다', '때', '위로', '힐링', '기분', '전환', '스트레스', '청춘', '새벽']"
200,124713,"['힐링', '휴식', '추억', '회상']"
201,60687,"['일', '렉']"
202,125769,"['잔잔하다', '설레다', '사랑']"
203,97963,"['오피', '셜', '차트', '오피', '셜', '싱글', '트렌디', '팝', '영국', '차트']"
204,107098,"['달달', '한', '노래', '함께', '감성', '기분', '좋다', '학교', '가다', '맑은', '산뜻하다', '화창하다', '이다', '바람', '이부', '는', '날씨']"
205,20060,"['기분', '전환', '잔잔하다']"
206,40152,"['힙합', '랩']"
207,23749,"['힙합', '랩']"
208,116897,"['기분', '전환', '가을']"
209,65835,"['힙합', '여름', '유쾌하다', '신나다']"
210,134612,"['마지막', '올해', '망년', '회', '송년회', '2016', '끝', '2017']"
211,136844,"['느낌', '적', '인', '느낌', '카페']"
212,44705,"['클럽', '밤', '새벽']"
213,120874,"['드라이브', '발라드']"
214,55521,"['힐링', '휴식', '잔잔하다']"
215,102796,"['힙합', '랩']"
216,60774,"['힐링', '휴식', '스트레스']"
217,85715,"['팝', '독특하다']"
218,61102,"['힐링', '휴식', '까페']"
219,95060,"['기분', '전환', '설레다', '사랑']"
220,63497,"['잔잔하다', '밤', '새벽']"
221,133666,"['드라이브', 'HIPSTER', '기분', '전환', 'POP', '_', '스웩']"
222,77245,"['카페', '음악', '감성', '힙합', '노동요', '편집', '숍', '오후', '드라이브', '그루', '브', '매장', '음악', '재즈', '힙합', '커피숍']"
223,120566,"['연말', '겨울', '감성', '로맨틱', '첫', '눈', '도시', '그루', '브', '시티', '팝', '스타일리시', '레트로']"
224,120012,"['feel', '렉트로닉', '일렉트로니카']"
225,66472,"['지니어스', 'bgm', '지니어스']"
226,101892,"['까페', '잔잔하다']"
227,113429,"['자장가', '조용하다', '노래', '잠들다', '기전', '잔잔하다']"
228,40429,"['기분', '전환', '운동']"
229,119619,"['록', '메탈', '공연', '라이브', '음원', '록음악', '록']"
230,39900,"['하늘빛', '사랑', '노래', '석양']"
231,96443,"['감정이입', '이별', '감성', '낙엽', '가을']"
232,140405,"['셋', '리스트', '공연']"
233,103092,"['일', '렉']"
234,110157,"['어쿠스틱', '혼자', '발라드', '우울', '분위기', '드라이브', '띵곡', '만', '산책', '좋다', '이다']"
235,118777,"['재즈', '카페', '매장', '음악', '카페', '재즈', '오후', '음악']"
236,91065,"['졸음', '인디록', '피로', '2010년', '대', '상쾌하다', '기분', '전환', '록', '오후', '이다']"
237,33622,"['힐링', '휴식', '기분', '전환']"
238,92232,"['클래식', '뉴에이지', '봄', '재즈']"
239,61780,"['하트', '시그널', '하트', '시그널', 'BGM', '임현주', '하트', '시그널', '시즌', '1', '하트', '시그널', '시즌', '2', '김도균', '김장미', '송다은', '오영주', '김현우']"
240,35566,"['노래', '추천', '발라드', '모음', '아이돌']"
241,21821,"['재즈', '추천', 'Jazz', '남자', '보컬', '재즈', '남자', '보컬', '재즈', '분위기', '좋다']"
242,147348,"['비', '오는', '날', '흐리다', '날', '밤', '혼자', '새벽', '외롭다', '센치', '감성', '적', '인', '퇴근길', '이다']"
243,33863,"['고막', '남친', '솔로', '남자', '음색', '이다', '음색', '깡패', '설레다', '사랑', '목소리', '까페']"
244,66206,"['감성', '잔잔하다', '우울', '드라이브', '소름', '돋다', '슬픔', '기분', '전환', '스트레스']"
245,27791,"['여행', '사랑', '설레다', '산책']"
246,33129,"['일', '렉']"
247,8562,"['볼', '빨갛다', '사춘기', '콘서트', 'REDPLANET', 'Bolbbalgan', '4', '안지영', 'NOB', '4120304', '볼', '빨갛다', '사춘기', '볼사콘', '우', '지윤']"
248,70582,"['겨울', '감성', '겨울', '밤', '눈', '감각', '적', '인', '차분하다', '꿀', '음색', '유니크', '고막', '여친', '소울', '쌀쌀하다']"
249,104799,"['휴식', '밤', '가을', '새벽', '우울', '잔잔하다', '감성', '이별', '퇴근길', '발라드']"
250,28888,"['행복하다', '연주', '곡', '아침']"
251,58175,"['아이돌', '의', '숨다', '명곡', '아이돌']"
252,59363,"['개인', '소', '장용']"
253,144314,"['춤', '아이돌', '걸그룹', '드라이브', '기분', '전환', '내적댄스', '댄스', '최신', '곡']"
254,128305,"['밤', '새벽']"
255,98865,"['월디페', 'Club', 'EDM', 'UMF', '일렉트로니카', '월', '크다', '돔', '스트레스', '클럽']"
256,100620,"['휴식', '주', '다사', '카페', '드라이브', 'ff', '9999', '감성', 'zoodasa', '트위치', '신나다']"
257,80629,"['선선', '한', '바람', '밤', '산책', '다양하다', '아티스트', '락']"
258,79599,"['일', '렉']"
259,89479,"['슬픔', '힐링', '휴식', '이별']"
260,100788,"['헬스', '휴식', '느끼다', '카페', '운동', '매장', '드라이브', '그루', '브', '있다', '여행', '기분', '전환']"
261,51163,"['휴식', '산책', '기분', '전환', '밝다', '설레다', '사랑', '이다', '신나다']"
262,27939,"['여자', '보컬', '발라드', '장르', '불문']"
263,56907,"['힙합', '지역별', '묵직하다', '강렬하다', '제이딜라', '에미넴', '디트로이트', '어', '두운', '시크', '한', '스트레스']"
264,35299,"['봄', '산책', '달달', '함', '봄', '사랑']"
265,12739,"['슬픔', '이별', '설레다', '사랑']"
266,42917,"['추억', '기분', '전환', '회상']"
267,22239,"['흥', '신나다', 'Pop', '기분', '전환', '밝다', '흥', '폭발', '힘', '을', '내자', '팝', '연재']"
268,146610,"['짱', '영화', '도', '드라마', 'OST', '최고']"
269,34085,"['기분', '전환', '운동']"
270,111666,"['일', '렉']"
271,59682,"['Pop', 'Vocal', '_', 'Jazz', 'Jazz', 'Vocal', 'Standard']"
272,124465,"['일', '렉']"
273,114898,"['일', '렉']"
274,11773,"['허세', '회상', '새벽', '웃음', '이나', '일상', '으로의', '초대', '중', '2', '병', '휘호', '비', '와이', '윤하', '신해철']"
275,95067,"['DJ', 'dance', '전자음악', '댄스', 'EDM', '일', '렉']"
276,34223,"['여름', '까페']"
277,132576,"['추억', '가을', '회상']"
278,33407,"['퇴근', '가을', '혼자', '새벽', '추억', '센치', '영화', '일상', '불면증', '이별']"
279,18478,"['그루', '브', '취하', '고', '듣기', '좋다', '노래', '분위기', '어깨', '가', '들썩', '알엔비']"
280,140840,"['눈물', '콧물', '가을', '발라드', '발라드']"
281,139283,"['Lofi', '힐링', '감성', '몽환', '적', 'Chill']"
282,70139,"['힙합', '휴식', '알앤비', '랩', '잔잔하다', '여행', '감성', '기분', '전환', '카페', '매장', '힐링']"
283,9428,"['상반기', '하반기', '연말', '결산', '100', '곡', 'JAYJE', 'Pop', '베스트', '2017', '트렌디', '팝']"
284,44876,"['winner', '트와이스', '위너', '마마', '무', 'WannaOne', 'nct', 'TWICE', '워', '너', '원', 'MAMAMOO']"
285,10657,"['감성', '봄', '카페', '발라드', '가사', '사랑', '이다']"
286,342,"['여름', '잔잔하다']"
287,7436,"['여행', '사랑', '설레다', '산책']"
288,59197,"['힙합', '랩']"
289,107106,"['슬픔', '이별', '잔잔하다']"
290,125228,"['매장', '음악', '퓨처', '하우스', '꿀렁꿀렁', '프로', '그렇다', '시브', '하우스', 'EDM', '요즘', '대세', '신나다', '트로피', '컬', '하우스', '딥', '하우스']"
291,28219,"['매장', '음악', '까페']"
292,43671,"['댄스', '가요']"
293,48127,"['프로', '듀스', '101', '전소', '밉다', '상큼']"
294,129574,"['밤', '새벽']"
295,12978,"['느끼다', '커피', '숖', '카페', '분위기', '그루', '브', '기분', '전환', '트렌디', '세련되다']"
296,25606,"['봄', '페스티벌', '포크', '작다', '물', '야시', '시', '싱어송라이터', '홍대', '공연', '고', '인물', '페스티벌', '복합', '문', '화공', '간', '야', '시시', '볾']"
297,5973,"['Travel', 'Hey', 'Pop', '여행']"
298,148958,"['추억', '가을', '회상']"
299,138545,"['기분', '전환', '봄', 'EDM']"
300,113868,"['힐링', '휴식', '추억', '회상']"
301,88260,"['잔잔하다', '밤', '새벽']"
302,53940,"['까페', '설레다', '사랑']"
303,12306,"['감성', '듣기', '좋다', '카페', '주말', '새벽', '휴식', '기분', '전환', '산책', '매장', '음악', '이다']"
304,78849,"['열대야', '상큼', '함', '차분하다']"
305,106351,"['책', '주말', '연주', '곡', '피아노', '힐링', '뉴에이지', '행복하다', '마음', 'Acoustic', '북카페']"
306,8463,"['이별', '헤어지다', '감수성', '잔잔하다']"
307,83131,"['여름', '휴식', '여름밤', '혼자', '라도', '맥주', '하다']"
308,32216,"['비', '오는', '날', '노래방', '감성']"
309,59632,"['드라이브', '기분', '전환']"
310,3495,"['겨울', '이', '불안', '이', '최고', '야', '방콕', '까페', '일상']"
311,148559,"['잔잔하다', '밤', '새벽']"
312,138157,"['소울', '알앤비']"
313,16142,"['집중', '개강', '시험', '기간', '중간고사', '도서관']"
314,7890,"['노래', '사랑', '여행', 'Rock']"
315,22991,"['카페', '피아노', '재즈', '커피', '힐링', '이다']"
316,8923,"['노래', '좋다']"
317,18859,"['기분', '좋다', '팝송', '선샤인']"
318,80121,"['다시', '숨바꼭질']"
319,138722,"['소울', '알앤비']"
320,101994,"['예배', '예배', '자', '삶', '의', '예배']"
321,126942,"['이수', '박효신', '알앤비', '발라드', '명곡', '김', '나', '박', '이', '나얼', '김범수', 'TOP', '100', '소울']"
322,60134,"['록', '메탈', '록', '록', '발라드', '메탈', '락', '발라드', '락']"
323,86447,"['하루', '아침', '주말', '드라이브', '위로', '기분', '전환', '충전', '이다']"
324,143972,"['내적댄스', '트렌디', '팝송', '내적댄스', '유발']"
325,106009,"['감성', '이다', '발라드']"
326,110508,"['감성', '잔잔하다', '손잡다', '휴식', '저녁', '산책', '썸']"
327,45308,"['괜찮다', '위로', '가', '필요하다', '때', '새벽']"
328,148909,"['잔잔하다', '추억', '회상']"
329,17892,"['슬픔', '이', '별', '후', '에', '_', '듣다', '노래']"
330,149749,"['집중', '휴식', '연주', '곡', '피아노', '시험', '안정', '독서', '클래식', '힐링', '공부']"
331,46537,"['슬픔', '이별', '설레다', '사랑']"
332,30627,"['클럽', 'Club', '클럽', '음악', '드라이브', 'EDM', '스트레스', 'Electronic', '신나다']"
333,86558,"['기분', '전환', '휴식', '명곡', '아이돌']"
334,46324,"['감성', '봄', '잔잔하다', '새벽', '불면', '감성', '힙합', '재즈', '음악', '이다', '밤']"
335,56056,"['추석', '연휴', '가을', '감각', '적', '인', '드라이브', 'Pop', '운전', '한가위', '팝', '명절']"
336,105485,"['비', '오는', '날', '비', '비다', '하루', '종일', '비', '와', '함께', '오늘', '비']"
337,116904,"['클럽', '운동']"
338,54562,"['여름', '청량', '더위', '사냥']"
339,126746,"['힙합', '랩']"
340,129431,"['힐링', '휴식', '까페']"
341,115738,"['잔잔하다', '저녁', '밤', '새벽', '야경', '드라이브', '몽환', '감성', '잠들다', '기전', '퇴근길']"
342,34360,"['힙합', '감성', '힙합', '알앤비', '분위기', '감성', '트렌디']"
343,87106,"['포천', '낙코']"
344,61328,"['가을', '잔잔하다']"
345,99138,"['감성', '카페', '발라드', '매장', '휴식', '생각', '사랑', '뉴에이지', '이별', '분위기']"
346,102103,"['드라이브', '밤', '새벽']"
347,83554,"['숨다', '명곡', '감성', '잔잔하다', '추억', '드라이브', 'OST', '여행', '기분', '전환', '사랑', 'OST', '모음']"
348,93831,"['여름', '기분', '전환']"
349,26835,"['우울하다', '때', '비', '애절하다', '잔잔', '고독', '흐리다', '슬픔', '감성', '적', '인', '우울', '새벽']"
350,72408,"['감정', '사', '애정', '노래', '달달', '애정', 'Pop', '애정', '사', '사랑', '노래', '사랑', 'Acoustic']"
351,82662,"['광기', '명', '연주', '마약', '현악', '협주곡', '클래식', '명반', '소나타', 'KBS', '천재']"
352,122355,"['매장', '음악', '까페']"
353,58423,"['휴식', '기분', '전환']"
354,148049,"['겨울', '차갑다', '카페', '고독', '눈', '차갑다', '움', '추다', '겨울', '쓸쓸하다', '춥다', '추다', '날']"
355,115242,"['감성', '팔레트', '색', '색깔', '휴식', '기분', '전환', '사랑', '크레파스', '컬러풀', '신나다']"
356,6454,"['태교', '연주', '곡', '숙면', '피아노', '나른하다', '뉴에이지', '포근하다', '자장가', '동요', '아기']"
357,120711,"['일', '렉']"
358,61025,"['인디팝', '재즈팝', '컨트리록', '컨트리팝']"
359,44784,"['케이팝', '짝사랑', '발라드', '댄스', '이별', '걸그룹']"
360,99061,"['현악기', '잔잔하다', '팝', '신나다']"
361,95981,"['조용하다', '생각', '이', '많다', '때', '감성', '카페', '에서']"
362,127893,"['매장', '음악', '감각', '적', '인', 'YOLO', '세련되다', '기분', '전환', '스타일리시', '느끼다', '트렌디', '편집', '샵', '도회', '적', '인']"
363,8284,"['비', '오는', '날', '비', '오는', '거리']"
364,32817,"['여름', '어쿠스틱', '여름밤', '팝', '드라이브', '기분', '전환', '산책', '락', '이다', '밤']"
365,96624,"['기분', '전환']"
366,13507,"['감성', '매장', '음악', '카페', '달달', '한', '메다', '로우', '드라이브', '기분', '전환', '재즈', '힙합']"
367,15064,"['슬픔', '이별', '설레다', '사랑']"
368,143587,"['에이', '세다', '나', '만', '알다', '외힙', 'ASAPRocky', '외힙', '4월', '5일', '내한', '에이', '세다', '키']"
369,120209,"['산책', '기분', '전환', '여행']"
370,28847,"['띵', '_', '곡', '어쿠스틱', '아침', '발라드', '분위기', '드라이브', '우울함', '은', '산책', '운전', '이다']"
371,99479,"['겨울', '감성', '카페', '발라드', '취향', '저격', '기억', '새벽', '감성', '겨울', '밤']"
372,43053,"['출근길', '퇴근길']"
373,16067,"['짝사랑', '남자', '슬픔', '고백', '사랑', '아픔', '이별']"
374,55214,"['힙합', '더', '몬스터', '랩', '페스티벌', '스트레스', '신나다']"
375,74315,"['기분', '전환', '잔잔하다']"
376,24466,"['기분', '전환', '드라이브', '시원']"
377,90158,"['비', '카페', '잔잔하다']"
378,7348,"['힐링', '휴식', '까페']"
379,134647,"['팝송', '여행', '드라이브', '기분', '전환', '잔잔하다']"
380,34657,"['불금', '클럽', '스트레스', '운동']"
381,94361,"['듣다', '노래', '최근', '감성', '다양하다', '장르', '느낌']"
382,75346,"['운동', '잔잔하다']"
383,64625,"['휴일', '감성', '아침', '드라이브', '귀차니즘', '하루', '출근길', '기분', '전환', '오늘', '힐링']"
384,95662,"['겨울', '감성', '카페', '발라드', '추억', '기분', '전환', '사랑', '이별', '분위기']"
385,106058,"['슬프다', '절절', '한']"
386,30306,"['드라이브', '잔잔하다']"
387,34607,"['솔로', '혼자', '고독', '나', '혼자', '외로워', '홀로', '술', '로']"
388,91561,"['설레다', '봄', '알앤비', '달달', '한', '고백', '간질간질', '데이트', '썸', '분홍', '빛', '사랑']"
389,63290,"['힐링', '휴식', '밤', '새벽']"
390,112052,"['그리움', '뉴에이지', '가을', '사랑']"
391,115846,"['감성', '듣기', '좋다', '카페', '잔잔하다', '매장', 'Pop', '매력', '적', '인', '나', '만', '알다', '팝']"
392,81622,"['스트레스', '기분', '전환']"
393,124971,"['힐링', '휴식', '기분', '전환']"
394,107986,"['스트레스', '드라이브', '신나다']"
395,101566,"['11월', '알앤비', '최신', '가요', '발라드']"
396,16891,"['일', '렉']"
397,18274,"['휴식', '봄', '발라드', '분위기', '감성', '감성', '좋다', '노래', '그리움', '산책', '어쿠스틱', '한', '쓸쓸하다']"
398,150725,"['감성', '카페', '잔잔하다', '취향', '저격', '오후', '휴식', '출근길', '기분', '전환', '커피숍']"
399,103429,"['겨울', '감성', '눈물', '발라드', '슬픔', '사랑', '이별', '헤어지다']"
400,119389,"['겨울', '힐링', '휴식']"
401,50890,"['추천', '감성', '잔잔하다', '노래', '기분', '전환', '사랑', '신나다']"
402,132322,"['태교', '음악', '감성', '자극', '휴식', '_', '힐링', '피아노', '연주', '곡', '모음', '피아노', 'OST', '영화', '드라마', 'ost', '뉴에이지', '카페', '매장', '숙면']"
403,89897,"['기분', '전환']"
404,77600,"['휴식', '잔잔하다', '조용하다', '노래', '수면제', '취침', '준비', '새벽', '공기']"
405,63074,"['산책', '드라이브', '여행']"
406,89191,"['비', '오는', '날', '기분', '전환']"
407,120292,"['꿀잠', '출근길', '버스', '지하철', '나른하다', '잠들다', '기전', '뉴에이지', '불면증', '퇴근길', '숙면']"
408,724,"['발라드', '추천', '위로', '감성', '발라드']"
409,145837,"['밤', '가을', '새벽']"
410,29771,"['추억', 'JPOP', '향수']"
411,19176,"['특별하다', '룰루랄라', '반복', '되다', '즐겁다']"
412,26057,"['취향', '저격', '어쿠스틱', '봄']"
413,108249,"['드라이브', '운동']"
414,145563,"['휴식', '가을', '잔잔하다', '트로트', '여행', '송가', '인', '감성', '기분', '전환', '미스', '트롯', '신나다']"
415,32711,"['힙합', '감성', '알앤비', '팝송', '사랑', '이별']"
416,57560,"['감성', '가을', '가을', '가을', '잔잔', '휴식', '일상']"
417,131805,"['감성', '가을', '카페', '발라드', '가을', '밤', '사랑', '이별', '이다']"
418,145941,"['봄', '설레다', '사랑']"
419,143039,"['가을', '설레다', '사랑']"
420,72074,"['서정', '아름답다', '에센셜', '포크', '추억', '가사', '감동', '2000년', '대', '노랫말', '블루스']"
421,151333,"['소녀', '감성', '함께', '즐거움', '봄', '잔잔하다', '뿜뿜', '아기자기하다', '친구', '들', '사랑', '깜찍', '발랄']"
422,30538,"['감성', '가을', '잔잔하다', '귀르가즘', '오후', '드라이브', '여행', '기분', '전환']"
423,64070,"['불다', '노래', '감성', '사랑', '잔잔하다']"
424,130763,"['감성', '발라드']"
425,2745,"['힙합', '흥', '외국', '힙합']"
426,66161,"['감성', '봄', '캐롤', '카페', '월요병', '매장', '드라이브', '봄날', '벚꽃', '저녁', '오후']"
427,26858,"['잠', '휴식', '힐링', '조용하다', '불면증', '자장가', '숙면', '편안하다']"
428,120016,"['electronica', '빌다', '로우', 'EDM', '신나다']"
429,87840,"['쓸쓸하다', '카페', '가을', '가을비', '사랑', '감성', '적', '인', '노래', '혼자']"
430,36675,"['여행', '운동', '산책']"
431,63142,"['스트레스', '휴식', '기분', '전환', '운동']"
432,133999,"['기분', '전환', '드라이브']"
433,57738,"['잔잔하다', '노래', '발라드', '새벽', '감성', 'RnB', '잔잔하다', '새벽']"
434,13974,"['잠', '겨울', '감성', '밤', '새벽', '힐링', '조용하다', '포근하다', '자장가', '이다']"
435,114665,"['부드럽다', '_', '잔잔하다', '센치하다', '_', '우울하다']"
436,88740,"['잔잔하다', '밤', '새벽']"
437,53740,"['팔로알토', '가사', '가', '좋다', '노래', '감성', '한국', '힙합']"
438,29965,"['드라이브', '밤', '새벽']"
439,76876,"['잔잔하다', '잠자다', '때', '감수성', '분위기', '우울', '이별', '발라드']"
440,91982,"['겨울', '감성', '매장', '음악', '카페', '분위기', '커피', 'cafe']"
441,126437,"['행복', '설레다']"
442,113659,"['잔잔하다', '설레다', '사랑']"
443,51968,"['송가', '인', '내', '마음', '의', '사진', '사랑', '의', '불시', '착', 'ost']"
444,79375,"['신나다', '활기차다', '기분', '전환', '여행', '좋다']"
445,11109,"['자다', '이루다', '밤', '몽환', '여름밤']"
446,119133,"['반전', '데이트', '하트', '시그널', '시즌', '2']"
447,5446,"['예은', '감성']"
448,33880,"['맛집', '음악', '음식', '노래', '다이어트', '맛송', '먹다', '노래', '배고프다', '때', '듣다', '음악', '음식', '맛있다']"
449,119219,"['잔잔하다', '추억', '회상']"
450,77856,"['기분', '전환', '설레다', '사랑']"
451,22385,"['힐링', '통기타', '산책']"
452,40494,"['감성', '힘들다', '때', '잔잔하다', '따뜻하다', '편안함', '좋다', '노래', '밤', '에', '듣기', '좋다', '노래', '자다', '듣기', '좋다', '노래', '좋다', '노래', '추천', '따뜻하다', '_', '노래']"
453,42212,"['힙합', '노래', '모음', '영', '비', 'YoungB', '인디고', '뮤직', '국내', '힙합', '쇼미더머니', '고등', '래퍼', '한국', '힙합', '국힙']"
454,17616,"['휴식', '힐링', '봄']"
455,129246,"['힐링', '휴식', '잔잔하다']"
456,64861,"['가을', '까페']"
457,41137,"['저녁', '카페', '혼자', '식곤증', '우울', '분위기', '집', '라운지', '피아노', '카페', '에', '어울리다', '피아노', '연', '주', '곡']"
458,38894,"['해외', '테마송', '추억', '명곡', 'OST', 'Soundtrack', '영화', '영화음악', '주제가', '명작']"
459,113225,"['추천', '곡', '가을', '잔잔하다', '발라드', '기분', '전환', '10월']"
460,131800,"['해외', '우울하다', '최근', '드라이브', '팝송', '기분', '전환', '신나다']"
461,71553,"['잔잔하다', '밤', '새벽']"
462,122032,"['비', '오는', '날', '카페']"
463,43170,"['가창력', '복면', '가', '왕', '감성']"
464,78305,"['은', '은', '무드', '새벽', '분위기', '몽환', '몽환', '적', '인']"
465,73358,"['여행', '기분', '전환', '산책']"
466,113813,"['고막', '남친', '드라이브', 'Pop', '여행', '기분', '전환', '해외', '랩', '힙합', '청량청량', '고막', '여친', '신나다']"
467,67998,"['힙합', '랩']"
468,151868,"['휴식', '잔잔하다', '드라이브', 'Pop', '기분', '전환', '장르', '불문', 'Chill']"
469,113655,"['감성', '밤', '주말', '새벽', '분위기', '몽환', '알앤비', '세련되다', '감성', '팝', 'Chill']"
470,17665,"['힙합', '랩', '봄']"
471,48434,"['카페', '여유', '연인', '매장', '행복', '설레다', '사랑', '달달', '이다']"
472,35646,"['위로', '힘들다', '때']"
473,129069,"['위', '클리', '초이스', '기분', '전환', 'izm', '웹진', '이즘']"
474,3040,"['아침', '연주', '곡', '북카페', '피아노', '명상', '모닝콜', '독서', '뉴에이지', '태교', '요가']"
475,71406,"['감성', '힙합', '팝', '좋다', '노래', '그루', '브']"
476,71165,"['잔잔하다', '밤', '새벽']"
477,131596,"['셋', '리스트', '공연']"
478,97900,"['휴식', '힐링', '여행', '산책']"
479,31926,"['달달', '한', '내', '가', '좋아하다', '노래', '드라마', '기분', '전환', '사랑', '드라마', 'ost', '좋아하다', '노래']"
480,44742,"['책', 'BookMusic', '김이나', '작사']"
481,79475,"['여름', '클럽', '매장', '음악', '운동', '드라이브', '여행', '기분', '전환', '느끼다', '일', '렉', '신나다']"
482,96467,"['활기차다', '댄스팝', '00년', '대', '그립다', '업', '템포', '친숙하다', '일본', '음악', 'JPOP', '제이팝', '편안하다']"
483,103607,"['장소', '바닷가', '흐리다', '날', '비', '센티', '포크', '쓸쓸하다', '서정', '팝']"
484,83356,"['감성', '밤', '가을', '발라드', '가을비', '이별', '노래', '노을', '사랑', '자다', '들다', '밤', '이별']"
485,46196,"['겨울', '연주', '곡', '잔잔하다', '발라드', '재즈', 'Pop', '잠들다', '_', '싶다', '숙면']"
486,67555,"['레전드', '강렬하다', '록', '추억', '1970', '협업', 'Rock', '콜라보', '락', 'legend']"
487,92589,"['안대', '근']"
488,119523,"['휴식', '힐링']"
489,124610,"['남자', '아이돌', '댄스', '아이돌', '솔로', '곡', '발라드']"
490,109135,"['1970', '_', '80', '가요', '해바라기', '이주호', 'Folk', '이정선']"
491,16824,"['비', '오는', '날', '잔잔하다', '장마', '새벽', '발라드', '위로', '기분', '전환', '사랑', '이별', '밤']"
492,57698,"['힙합', '힙합엘이']"
493,6608,"['일', '렉']"
494,85814,"['힙합', '비트', '힙합', '개다', '성', '힙', '스러운', '쇼', '밉다', '랩', '노래', '비', '와이', '쇼미더머니', '래퍼', '알엔비']"
495,42253,"['연말', '분위기', '크리스마스']"
496,114523,"['소울', '알앤비']"
497,123856,"['RnB', '감성', '드라이브', 'soul', '새벽']"
498,47965,"['색다르다', '시원', '인디음악', '고백', '설레다', '끌리다', '상큼']"
499,105508,"['여름', '전자음악', '피', '서', '드라이브', '시원하다', '몽환', '적', '인', '바다', '락', '수영장']"
500,91195,"['가을', '이오', '면', '가을', '에', '듣기', '좋다', '노래']"
501,107946,"['휴식', '힐링', '밤', '새벽']"
502,151453,"['일', '렉']"
503,102791,"['클럽', '드라이브', 'EDM', '기분', '전환', '팝', '일', '렉']"
504,81701,"['댄스', 'jh', '발라드']"
505,2942,"['휴식', '힐링', '기분', '전환']"
506,106475,"['감성', '몽환', '중독', '성', '강하다', '음악', '힐링', '기분', '전환', '일렉트로닉']"
507,50563,"['션', '메다', '데스', '내한', '감성', '취향', '저격', '싱어송라이터', '분위기', '음색', '기분', '전환', '트렌디', '팝']"
508,93901,"['힙합', '랩']"
509,114614,"['JPOP', '여행']"
510,149360,"['추억', '잔잔하다', '감성', '발라드']"
511,153212,"['축제', 'UMF', '페스티벌', '파티', '신나다']"
512,59981,"['새벽', '추억', '밤', '회상']"
513,121305,"['배경음악', '집중', '휴식', '연주', '곡', '아침', '새해', '나', '혼자', '모닝콜', '힐링', '뉴에이지']"
514,147164,"['비', '오는', '날', '슬픔', '이별']"
515,104611,"['1980', '하드록', '메탈', '추억', '명곡', '멜로디', '흥', '폭발', '파워', '풀', '락', '스트레스', '해소', '질주', '감']"
516,40497,"['프레디', '페런', 'FreddiePerren', '프로듀서', 'RNBSOUL', '모타운', '사운드', 'disco', '1970', '_', '80', '펑키', '베리', '고', '디', '디스코']"
517,119898,"['일', '렉']"
518,82092,"['연말', '거실', '카페', '크리스마스', '클래식', '매장', '클래식', '크리스마스', '캐롤', 'Carol', 'Christmas']"
519,118280,"['힙합', '랩']"
520,47219,"['카페', '음악', '꽃', '봄', '봄', '노래', '오후', '재즈', '밝다', '따뜻하다']"
521,115760,"['띵곡', '팝송', '추천', '팝송', '팝송', '모음']"
522,142095,"['추억', '의', '새해', '를']"
523,146114,"['슬픔', '이별', '설레다', '사랑']"
524,104486,"['기분', '전환', '감성', '팝송', '가을']"
525,69285,"['Playlist', '텐트', '가다', '다', 'Pop', '여행', '캠핑', '캠핑', '을', '누가', '나', '랑', '신나다']"
526,9414,"['블루스록', '90년', '대', '블루스', '기타', '블루스', '일', '렉', '트릭', '블루스']"
527,133789,"['여행', '기분', '전환', '산책']"
528,75845,"['설레다', '사랑']"
529,17650,"['잔잔하다', '휴식', '새벽', '수고', '발라드', '위로', '감성', '일', '선물']"
530,8479,"['개복치', '노래', '팝송']"
531,134724,"['스트레스', '기분', '전환']"
532,74008,"['기분', '전환', '운동']"
533,94011,"['심심하다', '때', '여름', '휴식', '드라이브', '여행', '기분', '전환', '신나다']"
534,12208,"['비', '오는', '날', '우울하다', '어쿠스틱', '발라드', '분위기', '드라이브', '산책', '스트레스', '띵곡들', '이다']"
535,38710,"['연휴', '노래', '프리덤', '팝', '해방', '감', '우리', '뭐', '하다', 'Pop', '이태원', '난자', '유야']"
536,150199,"['아이돌', '명곡', '모음', '에너지', '신나다']"
537,12413,"['감성', '잔잔하다', '발라드', '기분', '전환', '사랑', '이다']"
538,29481,"['추억', '기분', '전환', '회상']"
539,123808,"['이', '거실', '화', '냐', '사람', '들', '인디음악']"
540,143033,"['가을', '발라드', '분위기', '드라이브', '감성', '충만', '나', '혼자', '만의', '시간']"
541,149038,"['힐링', '피아노']"
542,34552,"['준', '니']"
543,96124,"['자장가', '휴식', '뉴에이지', '카페', '연주', '곡']"
544,132563,"['LOVE', '로맨틱', '가을', 'Pop', '기분', '전환', '재즈', '사랑']"
545,18008,"['슬픔', '이별']"
546,78509,"['헬스', '신나다', '_', '음악', '헬스', '음악', '아이돌', '운동', '비트', '운동', '하다', '때', '듣다', '음악']"
547,55281,"['신나다', '노래', '노래방', '분위기', '띄우다', '때', '신나다']"
548,151169,"['1', '세대', '시조새', '넬', '노브레인', '조상', '크다', '잉', '너트', '이다']"
549,141340,"['매장', '음악']"
550,151126,"['좋다', '곡', '추천', '곡', '나훈아', '트로트', '박서진', '조명', '섭', '홍', '자', '장윤정', '강진', '심수봉']"
551,133730,"['스포츠', '덤벨', '운동', 'Rock', '아령', '록', '얼터너티브', '웨이', '트']"
552,89630,"['겨울', '카페', '연주', '곡', '피아노', '명상', '독서', '힐링', '뉴에이지', '자장가']"
553,80554,"['멜랑촐리', 'v', '분위기', '발라드', '연인', '추억', '힐링', '사랑', '이별']"
554,111232,"['여름', '힐링', '휴식']"
555,148263,"['조용하다', '편하다', '잔잔하다']"
556,19350,"['고막', '남친', '고막', '여친', '봄', '포근하다']"
557,4538,"['드라마', 'BGM', '영화', 'bgm']"
558,20302,"['여름', '록', '플레이', '리스트', '뮤직', '메탈', '더위', '스트레스']"
559,102942,"['크리스마스', '캐롤']"
560,102179,"['힐링', 'LONMusic', '론', '뮤직', '사랑']"
561,105533,"['스트레스', '운동']"
562,135730,"['감성', '새벽']"
563,117459,"['팝', 'OfficialCharts', '영국', 'TOP', '20', '운동']"
564,100361,"['힐링', '휴식', '밤', '새벽']"
565,116978,"['기분', '전환', '설레다', '사랑']"
566,102658,"['혼술', '감성', '밤', '혼자', '외로움']"
567,148396,"['겨울', '매장', '음악', '잔잔하다', '새벽', '이다', '따뜻하다', '까페']"
568,140929,"['비', '오는', '날', '까페']"
569,92290,"['커플', '클래식']"
570,2946,"['봄비', '감성', '기분', '전환', '비']"
571,55600,"['감성', '봄', '사랑', '벚꽃', '10', 'cm', '버스커버스커']"
572,145149,"['배경음악', '비', '오는', '날', '감성', '힙합', '카페', 'Chillhop', '힐링', 'jazzhiphop', 'Lofi', '재즈', '힙합', '로', '파이']"
573,1947,"['스티브', '아오키', '신곡', '프리', '티머치', '케샤', 'Pop', 'Dojacat', '소금', '가요', '펜타토닉스', 'Tyga']"
574,103805,"['힐링', '휴식']"
575,83112,"['드라이브', '신나다']"
576,34523,"['가을', '까페']"
577,27827,"['감성', '밤', '잔잔하다', '새벽', '드라이브', '힐링']"
578,92934,"['어쿠스틱', '봄']"
579,32508,"['영화', 'Best', 'OST']"
580,87228,"['눈', '겨울', '성탄절', '크리스마스', '캐롤']"
581,143999,"['봄', '_', '노래', '감성', '봄', '벚꽃']"
582,24906,"['비', '오는', '날']"
583,16400,"['퍼옴', '드라이브']"
584,82087,"['설레다', '사랑']"
585,115613,"['코인', '노래방', '노래', '교실', '추천', '곡', '코노', '인기', '곡', '여자', '노래', '애창', '곡', '여자', '노래방', '18', '번']"
586,55791,"['스트레스', '운동']"
587,18406,"['매장', '음악', '잔잔하다']"
588,128896,"['클럽', '매장', '음악', '카페', '새벽', '댄스', '분위기', '드라이브', '감성', '섹시', '끈', '적']"
589,128406,"['매장', '음악']"
590,100608,"['흑인음악', '알앤비', 'RnB', '분위기', '끈', '적', '한', '스트레스', '힙합', '그루', '브']"
591,99903,"['추억', '기분', '전환', '회상']"
592,38088,"['여름', '감성', '휴식', '힐링', '기분', '전환', '산책', '이별', '까페']"
593,136967,"['힙합', '랩']"
594,79018,"['매장', '음악', '카페', '주말', '봄', '노래', '매장', '드라이브', '나들이', '커피숍']"
595,34307,"['드라마', 'OST']"
596,122445,"['라운지', 'bar', '매장', 'pub', '하우스', '일렉트로니카', 'deep', 'nudisco', '편집', '샵', 'Chill']"
597,81584,"['까페', '잔잔하다']"
598,114014,"['집중', '감성', '책', '카페', '잔잔하다', '매장', '독서', '휴식', '힐링', '공부']"
599,137783,"['힐링', '감동', '발라드']"
600,101547,"['매장', '음악', '카페', '힙스터']"
601,100669,"['cf', '음악', 'Pop', '광고', 'Trendy', '광고', '수록', '광고음악']"
602,128726,"['설레다', '사랑']"
603,6606,"['겨울', '설레다', '행복', '크리스마스', '캐롤']"
604,74871,"['숨다', '명곡', '계속', '듣다', '되다', '아이돌', '댄스', '발라드', '한번', '들다']"
605,120997,"['여행', '드라이브', '산책']"
606,9656,"['추억', '기분', '전환', '회상']"
607,131446,"['비', '오는', '날', '여름', 'Jazz', '독서', '커피', '힐링', '기분', '전환', 'piano', '카페', '뮤직', '혼자', '만의', '시간']"
608,88405,"['술', '감성', '밤', '카페', '팝', '분위기', '기타', '재즈', '바', '와인', '고급', '진']"
609,96715,"['커피', '재즈']"
610,145544,"['로맨스', '하이', '틴', '드라이브', '청량', 'Pop', '시원하다', '기분', '전환', '풋풋하다', '팝송', '신나다']"
611,106143,"['옛날', '팝', '다양하다', '_', '장르', '틱톡', '광고', '영화', '유튜브', '몸', '이', '_', '반응']"
612,26596,"['감성', '카페', '잔잔하다', '피아노', '연주', '곡', '모음', '매장', 'OST', '힐링', '뉴에이지', '피아노', '영화', '드라마', 'ost']"
613,36657,"['kpop', '음색', '좋다', '감성', 'Pop', '마음', '을', '달래다']"
614,68041,"['감성', '예쁘다', '예쁘다', '예쁘다', '기분', '전환', '사랑']"
615,149442,"['웹툰', 'OST', '애니메이션']"
616,95423,"['특별하다', '음식', '노래']"
617,120646,"['발라드', '기분', '전환', '가을', '일상']"
618,107321,"['소울', '알앤비']"
619,8766,"['다정하다', '달콤하다']"
620,120626,"['감성', '밤', '발라드', '잔잔하다', '가비엔제이', '슬픔', '기분', '전환', '붸붸', '사랑', '이별']"
621,125349,"['히트', '팝송', '팝', '차트']"
622,66595,"['힙합', '랩']"
623,122832,"['비', '오는', '날', '감수성', '매장', '음악']"
624,75996,"['90년', '대노래', '발라드', '아침', '음악']"
625,13871,"['여행', '기분', '전환', '산책']"
626,142172,"['추억', '까페', '회상']"
627,138753,"['흥겹다', '캐럴', '겨울', '기분', '전환', '크리스마스', '설레다', '신나다']"
628,14880,"['추억', '드라이브', '회상']"
629,17066,"['꿀잠', '오르다', '골', '어린이집', '태교', '낮잠', '숙면', '힐링', '자장가', '동요', '통잠']"
630,119126,"['추억', '1973']"
631,36666,"['봄', '설레다', '사랑']"
632,98992,"['드라이브', '운동']"
633,18644,"['잔잔하다', '분위기', '밤', '에', '듣기', '좋다', '노래', '밤', '새벽']"
634,129577,"['휴식', '연주', '곡', 'bgm', '기타', '힐링', '이불', '산책', '공부', '따뜻하다', '편안하다']"
635,143016,"['흥', '경쾌하다', 'EDM', '기분', '전환', '즐겁다', '내적댄스', '기', '분업', '신나다']"
636,24171,"['휴식', '봄', '주말', '봄', '노래', '추억', '드라이브', '여행', '힐링', '기분', '전환', '벚꽃']"
637,49694,"['민경훈', '싸다', '버즈']"
638,20277,"['카페', '음악', '휴식', '주말', '여유', '달달', '한', '매장', '연휴', '편안하다']"
639,34970,"['까페', '설레다', '사랑']"
640,105028,"['소울', '알앤비']"
641,121740,"['불면증', '개선', '자율신경', '안정', 'classic', '숙면', '유도', '감정', '해소', '이완']"
642,11931,"['해외', 'CCM', '흥', '예배', '워십', '드라이브', '라이브', 'CCM', '찬양', '스트레스', '신나다']"
643,146138,"['힐링', '휴식', '잔잔하다']"
644,43605,"['덥다', '날', '시원하다', '노래', '쿨', '덥다', '팝송', '쿨송']"
645,149578,"['아니다', '비', '오는', '날', '감성', '음악', '가을', '필수']"
646,109687,"['가을', '인스', '트루', '멘탈', 'Jazz', '재즈', 'inst', '연주', '연주', '음악']"
647,149879,"['여행', '기분', '전환', '산책']"
648,101745,"['슬픔', '추억', '이별', '회상']"
649,19169,"['양', '다', '일', '발라드']"
650,102503,"['옷가게', '매장', '음악', '매장', '지름신', '힙', '한', '매장', '음악', '힙', '한', '음악', '트렌디', '편집', '샵', '힙스터', '세련되다']"
651,92332,"['휴일', '집콕', '봄', '운동', '다이어트', '드라이브', '여행', '고속도로', '줌바', '힐링']"
652,6359,"['밤', '가을', '새벽']"
653,784,"['여름', '큐', '덥다', '뮤직', '고속도로', '노래', '시원하다', '휴가']"
654,95255,"['일', '렉']"
655,1727,"['감성', '발라드', '밤', '홀로', '새벽']"
656,48294,"['Bazzi', 'Pop']"
657,127085,"['하트', '시그널', '핱시', '하트', '시그널', '_', 'BGM', '정의동', '응원', '해']"
658,146366,"['연말', '감성', '역주행']"
659,32974,"['힐링', '휴식']"
660,81448,"['소울', '알앤비']"
661,61990,"['일', '렉']"
662,53117,"['힙합', '랩']"
663,42849,"['달콤', '_', '쌉싸름하다', '_', '매력', '_', '보이스', '카페', '달달', '한', '커피', '커피', '와', '_', '함께', '매력', '적', '인', '허다', '스키', '부드럽다', '감성', '적', '인', '보이스']"
664,87313,"['힙합', '기분', '전환', '과', '위로', '가', '스트레스', '지치다']"
665,124638,"['가을', '노래', '가을', '감성', '추다', '때', '가을', '가을', '에', '듣기', '좋다', '노래', '가을', '오후']"
666,9719,"['드라이브', '잔잔하다']"
667,121613,"['9월', '가을']"
668,59992,"['BAP', '명곡', '왜', '이제야', '들다']"
669,12908,"['집중', '카페', '연주']"
670,49951,"['감성', '카페', '트로트', '드라이브', '여행', '공항', '휴식', '기분', '전환', '힐링', '신나다']"
671,112480,"['매장', '음악', '까페']"
672,80040,"['집중', '연주', '곡', '피아노', '클래식', '수험생', '수능', '모차르트', '효율', '협주곡', '공부']"
673,11215,"['힐링', '휴식', '기분', '전환']"
674,76603,"['힙합', '하드코어', '터프']"
675,36515,"['아침', '산책', '드라이브', '기분', '전환', '즐겁다', '신나다']"
676,106956,"['힐링', '휴식', '추억', '회상']"
677,150495,"['응원', '연말', '자신감', '신년', '시작', '출발', '에너지', '새해', '기분', '전환', '2019']"
678,17816,"['힙합', '헬스', '클럽', '매장', '음악', '운동', '드라이브', '트랩']"
679,25374,"['겨울', '감성', '매장', '음악', '카페', '발라드', '추억', '기분', '전환', '사랑']"
680,6677,"['힐링', '휴식', '설레다', '사랑']"
681,138421,"['감성', '발라드']"
682,131817,"['힐링', '휴식', '추억', '회상']"
683,132579,"['힙합', '매장', '음악', '팝', '기분', '전환', '드라이브']"
684,124925,"['들려주다', 'Dear', 'LOVE']"
685,131468,"['카페', '음악', '여행', '기타', '숲', '팝송', '편안하다']"
686,42291,"['감성', '드라이브', 'Pop', '그루', '브', 'lit', '외국', '힙합', '파티', '여행', '트렌디', '일', '렉']"
687,120433,"['힙합', '힙', '하다', '날', '카페', '드라이브', '힙하', '다', '트렌디', '한', '트렌디', '팝', '팝송', '힙', '한', '버닝', '하다', '좋다', '곡']"
688,74280,"['휴식', '힐링', '잔잔하다']"
689,24564,"['회상', '댄스', '추억', '명곡', '가요', '1990년', '대', '10', '대다', '아이돌']"
690,146467,"['타팬', '분들', '추천', '포함', '레드', '벨벳', '띵곡', '타이틀']"
691,89137,"['배경음악', '넷플릭스', '사운드', '소울', '엘르', '패닝', '눈부시다', '세상', '끝', '에서', '너와나', 'OST', '영화음악']"
692,12202,"['밤', '발라드', '위로', '힐링', '설레다', '자다', '스트레스', '이다']"
693,38874,"['취향', '저격', '드라이브', '퇴폐', 'EDM', '팝송', '치명', '적', '인', '기분', '전환', '빌보드', '취향']"
694,109121,"['비', '오는', '날', '여행', '산책']"
695,37550,"['기분', '전환', '밤', '새벽']"
696,100962,"['기분', '전환']"
697,48371,"['애틋', '이별', '잔잔하다', '조용하다', '발라드']"
698,72055,"['슬픔', '추억', '이별', '회상']"
699,53721,"['클럽', '스트레스']"
700,105987,"['휴식', '힐링', '밤', '새벽']"
701,28539,"['감성', '가을', '새벽', '인디음악', '가을', '밤', '단풍', '이다']"
702,29475,"['잔잔하다', '밤', '새벽']"
703,9383,"['감성', '새벽', '슬픔', '쓸쓸', '분노', '이별']"
704,52836,"['Carol', 'Christmas', '캐롤', '크리스마스']"
705,8180,"['힐링', '휴식', '스트레스']"
706,141079,"['여행', '까페', '산책']"
707,128020,"['드라이브', '여행', '팝송', '기분', '전환', '내적댄스', '스트레스', '휴가', '신나다']"
708,106647,"['여름', '트로피', '컬', '드라이브', '기분', '전환', '일상', '팝', '신나다']"
709,106704,"['감성', '밤', '연주', '곡', '새벽', '노래', '음악']"
710,68069,"['슬픔', '이별', '설레다', '사랑']"
711,153412,"['소울', '알앤비']"
712,55004,"['비', '오는', '날', '우산', '감성', '장마', '소나기', '흐리다', '날', '빗', '소리', '센치하다', '비']"
713,30804,"['듀엣', '커플', '연애', '사랑']"
714,95421,"['일', '렉']"
715,22519,"['차트', '일렉트로니카', '댄스', 'EDM', '클럽', '글로벌']"
716,33270,"['비', '오는', '날', '감성', '카페', '잔잔하다', '발라드', '기분', '전환', '스트레스']"
717,116168,"['힙합', '랩']"
718,120963,"['우아하다', '강렬하다', '바이올린', '헝가리', '클래식', '웅장', '함', '바이올리니스트']"
719,79718,"['힙합', 'TurnUp', '명곡', '국내', '힙합', '외국', '힙합', '해외', '힙합', '띵곡']"
720,36484,"['비', '오는', '날', '감성', '밤', '딥슬립', '자다', '비']"
721,91722,"['슬픔', '추억', '이별', '회상']"
722,123027,"['80', 's', 'HITS']"
723,95657,"['까페', '잔잔하다']"
724,41162,"['레전드', '드라이브', '추억', '명곡', '여행', '기분', '전환', '팝', '휴가']"
725,103485,"['힐링', '휴식', '추억', '회상']"
726,50824,"['집중', '휴식', '잔잔하다', '기분', '전환', '조용하다', '공부']"
727,114008,"['기분', '전환', '밤', '새벽']"
728,49742,"['EDM', '기분', '전환', '클럽', '비트', '있다', '신나다']"
729,71741,"['OST', '추천', '스카이', '캐슬', '하진', '긴장감', 'SKY', '캐슬', '영화', 'OST', '드라마', 'ost', '짜릿하다']"
730,66810,"['감성', '가을']"
731,99239,"['비', '오는', '날', '자다', '이루다', '밤', '외로', '울', '때', '담담하다', '새벽', '감성', '감수성', '담백하다', '마음', '을', '움직이다', '가사', '들', '혼자', '듣기', '좋다', '노래']"
732,50992,"['추억', '기분', '전환', '회상']"
733,27346,"['발라드', '이별', '노래', '그리움', '이별', '쓸쓸하다', '이다']"
734,6301,"['감성', '새벽']"
735,19417,"['기분', '좋다', '여름', '흥겹다', '재즈', '그루', '브', '기분', '전환', '펑키', '더위', 'groove', '휴가']"
736,75320,"['휴식', '주말', '월요병', '드라이브', 'Pop', '여행', '시원하다', '기분', '전환', '스트레스', '신나다']"
737,119380,"['폭염', '시원하다', '카페']"
738,152704,"['애절', '슬픔', '눈물', '슬프다', '발라드']"
739,38490,"['힙합', '랩']"
740,133258,"['휴식', '힐링', '드라이브']"
741,29106,"['JPOP', 'aiko']"
742,85843,"['어반', '댄스팝', '드라이브', 'Pop', '도시', '적', '그루비', '한', '레트로', '기분', '전환', '세련되다', '신나다']"
743,65269,"['추억', '리메이크', '새벽', '감동', '명곡', '커피', '열', '창', '기분', '전환', '회상']"
744,93966,"['소풍', '드라이브', '여행', '기분', '전환', '스트레스', '이다', '신나다']"
745,56916,"['지나가다', '사랑', '에']"
746,135424,"['힙합', '헬스', '클럽', '다이어트', '추억', '명곡', 'SWAG', '새해', '클럽', '힙합', '신나다']"
747,54592,"['슬프다', '발라드', '발라드', '쓸쓸', '그리움', '슬픔', '애창', '곡', '노래방', '아픔', '이별']"
748,103473,"['응원', '휴일', '봄', '트로트', '드라이브', '힐링', '긍정', '적', '애창', '곡', '기분', '전환', '대세']"
749,49839,"['힐링', '휴식', '잔잔하다']"
750,28060,"['소울', '알앤비']"
751,89442,"['드라이브', '매장', '음악']"
752,103044,"['잔잔하다', '밤', '새벽']"
753,124678,"['썸', '봄', '캐롤', '봄', '사랑']"
754,27272,"['느끼다', '알앤비', '분위기', '팝송', '비트', '소울']"
755,101845,"['매장', '음악', '어쿠스틱', '카페', '추억', '센치하다', '이다', '커피숍']"
756,133865,"['소울', '알앤비']"
757,21852,"['인기', '3월']"
758,103376,"['휴일', '주말', '피아노', '방콕', '잠들다', '기전', '뉴에이지', '침대', '자장가', '숙면', '책', '읽다', '때']"
759,58354,"['하우스', '일렉트로', '신나다']"
760,84557,"['봄', '설레다', '사랑']"
761,100127,"['휴식', '힐링', '잔잔하다']"
762,42640,"['비', '오는', '날', '기분', '전환']"
763,95444,"['생각', '회상']"
764,64683,"['힙합', '랩', '외국', '힙합']"
765,141565,"['20', '대다', '휴식']"
766,65135,"['무명', '배우', '엄마', '아리랑', '사랑', '에', '빠지다', '보다', '찍다', '송가', '인', '이별', '의', '영동선', '가인', '이', '어르다', '서울', '의', '달']"
767,140141,"['힙합', '스트레스', '드라이브', '국내', '힙합', '단체']"
768,13563,"['비', '오는', '날', '저녁', '감성', '자극', '카페', '여름밤', '드라이브', '기분', '전환', '퇴근길']"
769,93204,"['비', '오는', '날', '집중', '느끼다', '밤', '새벽', '추억', '설레다', '사랑', '도입', '부', '회상']"
770,90013,"['일', '렉']"
771,90041,"['감성', '아름답다', '잔잔하다', '봄비', '위로', '휴식', '포근하다', '힐링']"
772,69400,"['샤워', '휴식', '그루비', 'Pop', '기분', '전환', '몽글', '신나다']"
773,30717,"['추석', '흥', '귀', '성', '길', '드라이브', '흥', '폭발', '내적댄스', '운전', '기분', '좋아지다', '신나다']"
774,61877,"['댄스', '금요일', '불금', '파티', 'EDM']"
775,44359,"['클래식', '피아노', '명곡', '아이', '들', '소곡']"
776,126841,"['한국', '재즈', '힐링', '카페', '재즈']"
777,116985,"['휴식', '정열', '산책', '아르헨티나', '탱고', '사랑']"
778,36395,"['연말', '카페', '고독', '눈', '겨울', '솔로', '부드럽다', '추위', '이다']"
779,10870,"['가사', '가', '좋다', '노래', '한글', '가사']"
780,74917,"['슬픔', '밤', '이별', '새벽']"
781,36386,"['듀엣', '연인', 'LOVE', '연애', '사랑']"
782,80448,"['겨울', '설레다', '사랑']"
783,115207,"['박효신', '대장']"
784,31648,"['음악', '여행', '음악앨범', '선곡', '장르', '음악', '장르', '불문']"
785,64374,"['잔잔하다', '밤', '새벽']"
786,68620,"['흥겹다', '출퇴근길', '인기', '곡', '신나다', '여행', '기분', '전환', '댄스']"
787,8147,"['추천', '곡', '휴식', '매', '일', '매일', '추천', '노래', '힐링', '노래', '추천', '장르', '불문', '매', '일', '업뎃', '기분', '전환']"
788,3177,"['한강', '카페', '가을', '여름밤', '매장', '저녁', '데이트', '선선', '한', '나들이']"
789,66677,"['겨울', '겨울', '감성', '달달', '한', '연애', '춥다', '심쿵', '고백', '사랑', '겨울', '노래', '러브', '송']"
790,33881,"['힐링', '휴식', '기분', '전환']"
791,74096,"['기분', '전환', '여름', '드라이브']"
792,82661,"['스트레스', '잔잔하다']"
793,19945,"['감성', '휴식', '힐링', '스트레스', '해소']"
794,3883,"['랩', '감성', '힙합']"
795,97008,"['스티비원더', '재즈']"
796,66482,"['방탄소년단', '명곡', '방탄소년단', '휴식', '기분', '전환', '힘들다', '때']"
797,150769,"['봄', '캐롤', '봄', '봄', '음악', '봄', '노래']"
798,62170,"['힐링', '휴식', '잔잔하다']"
799,148715,"['설레다', '사랑']"
800,19101,"['결혼식', '축가', '축가', '사랑']"
801,131313,"['이별', '너', '에게']"
802,17811,"['힐링', '휴식', '잔잔하다']"
803,58926,"['출근길', '드라이브', 'EDM', '일렉트로니카', '기분', '전환', '드라이빙', '내적댄스', '일', '렉', '신나다']"
804,143336,"['잔잔하다', '발라드', '마음', '이', '편하다']"
805,70431,"['설레임', '두근거리다', '발라드', '사랑']"
806,3272,"['여름', '시원하다', '청량', '무더위']"
807,33221,"['깡패', '인트', '로']"
808,32248,"['국내', '침', '대송', '섹시', '소울']"
809,22059,"['해외', '드라이브', '하다', '때', '신나다', '감각', '적', '인', '드라이브', '팝송', '일', '렉', '트릭', '팝', '신나다']"
810,42465,"['옛날', '발라드', '감성', '발라드', '발라드']"
811,124318,"['슬픔', '감성', '이별']"
812,45024,"['멜론', '차트', '봄', '카페', '매장', '3월', '2020', '외출', '최신', '트렌디', '멜론', '디제이']"
813,112491,"['휴식', '카페', '주말', '잔잔하다', '추억', '만남', '기분', '전환', '아기', '새벽']"
814,129906,"['신보라', '김범수', '김조한', '가스펠', 'CCM', '박지헌', '나얼', '찬양', '박정현', '이재훈']"
815,151983,"['밤', '잔잔하다', '새벽', '감성', '힐링', '자장가', '따뜻하다']"
816,60649,"['잔잔하다', '밤', '새벽']"
817,80903,"['힙합', '감성', '매장', '음악', '카페', '알앤비', '드라이브', '여행', '시원하다', '소울']"
818,11647,"['잔잔하다', '밤', '새벽']"
819,91105,"['월드', '라운지', '맥주', '유럽', '팝', '일렉트로닉']"
820,33708,"['밤', '가을', '새벽']"
821,126489,"['일', '렉', '주말', '스트레스', '댄스', '드라이브', '기분', '전환', '트렌디', '팝', '신나다']"
822,60253,"['힐링', '휴식', '까페']"
823,85780,"['비', '오는', '날', '잔잔하다']"
824,62499,"['힐링', '휴식', '잔잔하다']"
825,57255,"['고독', '한', '둘이서', '감성', '팝', '외로움']"
826,26487,"['슬픔', '겨울', '이별']"
827,107697,"['재즈', '음악', '힐링', '휴식', '여유', '재즈']"
828,13667,"['발라드', 'RnB', '소울', 'DJ', '_', 'LOENTREE', '연애', '기분', '전환', '사랑', '러블리']"
829,116396,"['잔잔하다', '밤', '새벽']"
830,131981,"['떠나다', '때', '여름', '비행', '홀리데이', '드라이브', '바닷가', '시원하다', '청량하다', '팝음악', '여름', '휴가']"
831,98136,"['케이팝', '가볍다', '기분', '전환', '신나다']"
832,113703,"['힙합', '랩']"
833,74497,"['국내', '힙합', '숨다', '명곡', '감성', '겨울', '새해', '여행', '국내', '알앤비']"
834,51976,"['드라이브', '클래식', '뉴에이지', '변주곡', '기분', '전환', '신나다']"
835,87230,"['기분', '전환', '알엔비']"
836,148229,"['여름', '기분', '전환']"
837,54292,"['김용준', '이석훈', 'SG', '워', '너비', '채동하', '김진호']"
838,5075,"['힐링', '휴식', '기분', '전환']"
839,23876,"['감성', '카페', '이다']"
840,85784,"['연말', '겨울', '흥겹다', '기분', '전환', '송년회', '노래방', '신나다']"
841,150408,"['위로', '힐링', '마음껏', '_', '울다', '모두', '_', '행복하다']"
842,84927,"['여행', '기분', '전환', '산책']"
843,102706,"['여유', '로운', '뉴에이지', '점심', '아침', '브런치']"
844,70662,"['쫑', '비다']"
845,27571,"['싱숭생숭', '찬', '바람']"
846,151857,"['휴식', '힐링', '잔잔하다']"
847,124232,"['대자연', 'trance', '웅장', '한', '느낌', '칠', '아웃', 'EDM', '일렉트로니카', '다큐멘터리', '힐링', '요가']"
848,128370,"['기분', '전환', '매장', '음악']"
849,144807,"['여름', '드라이브']"
850,61417,"['여름', '장마', '새벽', '잔잔하다', '드라이브', '밤', 'Pop', '기분', '전환', '팝', '비']"
851,109413,"['검정치마', '베스트']"
852,23034,"['주말', '락', '불금', '기분', '전환', '메탈', '퇴근길', '스트레스']"
853,115968,"['스트레스', '휴식', '기분', '전환', '드라이브', 'RnB']"
854,139038,"['휴식', '힐링']"
855,126617,"['힙합', '랩']"
856,34528,"['비', '오는', '날', '비', '눈물', '우울', '가사', '슬픔', '이별']"
857,121229,"['슬픔', '이별']"
858,133854,"['소울', '알앤비']"
859,58043,"['배경음악', '매장', 'Pop', '가게', '팝', '음악', '추천']"
860,66441,"['기억', '드라이브', '새벽']"
861,139089,"['기분', '전환', '설레다', '사랑']"
862,12525,"['국힙', 'RnB', 'HipHop', 'Neosoul']"
863,64929,"['기분', '전환']"
864,91791,"['RnB', 'HipHop', '감성', '힙합']"
865,67308,"['기분', '전환']"
866,86083,"['역주행', '_', '하다', '_', '하다', '노래']"
867,105184,"['힙합', '여름', '음악', '랩', '댄스', '음악앨범', '2019']"
868,44467,"['음색', '좋다', '가을', '감성', '휴식', '가을', '날씨', '다가오다', '듣기', '좋다', '노래', '힐링', '음악', '이다', '선선', '한']"
869,148023,"['휴식', '힐링', '여행', '산책']"
870,136296,"['재즈', '음악', '편안함', '카페']"
871,38602,"['겨울', '감성', '가을', '새벽', '새벽', '감성', '가사', '가', '좋다', '노래', '이별', '노래', '이', '별', '후', '에', '목소리']"
872,137996,"['기분', '전환', '설레다', '사랑']"
873,748,"['드라이브', '까페']"
874,53023,"['기분', '전환', '드라이브']"
875,55531,"['힙합', '랩']"
876,7514,"['매장', '음악', '밤', '새벽']"
877,29800,"['봄비', '카페']"
878,73914,"['여름', '시원시원', '2018', '_', '2019', 'DJ', '_', '선정', '곡', '2019', '_', '여름', '도', '_', '행복하다', '여행', '중독', '성', '있다', '곡', '기분', '전환', '파워', '풀']"
879,75026,"['저녁', '혼자', '여유', '새벽', '감성', '위로', '힐링', '뉴에이지', '마음', '자장가', '편안하다']"
880,148828,"['비', '오는', '날', '비', '소나기', '아이돌', 'rain', '서현진', '발라드']"
881,102187,"['랩', '힙합', '기분', '전환', '힐링', '송', '사랑']"
882,30171,"['힘나다', '노래', '운동', '하다', '때', '가오', '개다', '2', '토르', '라그나로크', '기분', '전환', '토르', '기', '분업', '파워', '풀', '우울하다', '때', '_', '기분', '전환', '신나다']"
883,125791,"['겨울', '저녁', '매장', '음악', '카페', '라디오', '발라드', '드라이브', '기분', '전환', '겨울', '밤', '퇴근길']"
884,109427,"['봄', '캐롤', '봄']"
885,7467,"['매장', '음악', '매장', '세련되다', '쇼핑', '신나다']"
886,16216,"['dance', '쿨', '댄스', 'M', '에센셜', '코요태']"
887,18085,"['기분', '전환']"
888,121426,"['힙합', '랩']"
889,33726,"['슬픔', '추억', '이별', '회상']"
890,111349,"['바람', '에', '날다', 'eone', '너', '의', '일기장', '이원', '작곡', '작사']"
891,94561,"['역시', '타요']"
892,146251,"['노래방', '댄스', '곡', '스트레스', '인기', '곡', '신나다']"
893,89430,"['슬픔', '이별', '가을']"
894,103558,"['신곡', '12월', '가요', '이다']"
895,55,"['느끼다', 'Pop', '그루', '브', 'funky', '기분', '전환', '내적댄스', '흥']"
896,143885,"['힐링', '추억', '휴식', '회상']"
897,96873,"['달달', '팝송', '음악', '팝송', '을', '산책', '팝송', '추천']"
898,86561,"['월드뮤직', '힐링', '감성']"
899,85656,"['감성', '발라드', 'Pop', 'HipHop', '힐링', '기분', '전환']"
900,78009,"['커피', '가을', '밤', '분위기', '비']"
901,113318,"['힙합', '일렉트로니카', '소울', '알앤비']"
902,89890,"['뉴에이지', '여행']"
903,122489,"['슬픔', '추억', '이별', '회상']"
904,54120,"['힙합', '스트레스', '기분', '전환', '운동']"
905,132726,"['감성', '주관', '적', '가을', '취향']"
906,63856,"['연간', '차트', '2018년', '아이돌']"
907,79080,"['슬픔', '기분', '전환', '이별']"
908,29691,"['비', '오는', '날', '감성', '봄', '봄비', '불금', '힐링', '빗', '소리', '집', '에서', '데이트', '차', '한잔']"
909,133845,"['90년', '대팝']"
910,119637,"['힙합', '해외', '힙합', '감성', '힙합', '가을', '타다', '중', '가을']"
911,87714,"['기분', '전환', '설레다', '사랑']"
912,41078,"['정세운', '아이돌', '레인', '즈', '김', '사무엘', 'MXM', '서바이벌', '뉴이스트', 'w', '워', '너', '원', '프로', '듀스', '101시', '즌', '2', 'jbj']"
913,143086,"['2000년', '대팝', '올드팝', '학창시절']"
914,146966,"['힐링', '휴식', '잔잔하다']"
915,122564,"['슬픔', '밤', '이별', '새벽']"
916,81101,"['명곡', '발라드']"
917,130356,"['감성', '발라드', '슬프다', '노래', '우울', '락', '발라드', '슬픔', '헤어지다', '후', '에', '이별', '옛날', '노래']"
918,83847,"['스트레스', '기분', '전환']"
919,118360,"['라운지', '음악', '오빠', '이', '노래', '뭐', '야', '드라이브', '감성', '일', '렉', '이태원', '기분', '전환', '너', '만', '모르다']"
920,117881,"['밀레니엄', '임재욱', '포지션', '감성', '발라드', '감성', '보컬']"
921,130394,"['배경음악', '카페', '음악', '매장', '음악', '비', '연주', '곡', '잔잔하다', '비', '오는', '날', '감각', '적', '인', '뉴에이지', '오후']"
922,114242,"['힐링', '뮤직', '여름', '잔잔', '달달', 'Jazz', '월요병', '퇴치', '기분', '전환', '스트레스', '오후']"
923,47422,"['봄', '설레다', '사랑']"
924,5608,"['겨울', '휴식', '잔잔하다', '눈', '발라드', '고요한', '12월', '크리스마스']"
925,102375,"['여름', '카페', '로맨틱', '여름밤', '분위기', '재즈', '커피']"
926,106785,"['운전', '아이돌', '걸그룹', '매장', '드라이브', '인기', '트렌디', '스트레스', '댄스', '운동']"
927,130713,"['프롬', '라디오', 'Fromm', '낭만', '잡화', '점', '싱어송라이터', '랏밴뮤', '이유진', '랏도', '의', '밴드', '뮤직', '프롬', '의', '낭만', '잡화', '점']"
928,21970,"['월드', '연주', '재즈']"
929,146717,"['일렉트로니카', '클럽', '페스티벌', '파티', '베이스', '덥스텝']"
930,47252,"['힙합', '랩']"
931,16168,"['매장', '음악', '밤', '새벽']"
932,100173,"['클럽', '운동']"
933,32398,"['스트레스', '기분', '전환']"
934,51428,"['기분', '전환']"
935,36469,"['자다', '들다', '밤', '유난히', '그립다', '밤', '새벽']"
936,52700,"['여행', '힐링', '신나다']"
937,29413,"['가볍다', '듣기', '좋다', '가볍다', '분위기', '전환', '드라이브', 'Pop', '기분', '전환', '팝송', '팝']"
938,107129,"['매장', '음악', '가을']"
939,134044,"['숨다', '명곡', '밤', '새벽', '추억', '이별', '하다', '그리움', '슬픔', '사랑', '회상', '쓸쓸하다']"
940,147129,"['흥', '폭발']"
941,65719,"['웅장', '한', '클래식', '휴식', '잔잔하다']"
942,52438,"['숨다', '명곡', '나', '만', '알다', '걸그룹', '몽환', '숨기다', '명곡', '숨은띵곡', '수록', '곡', '추천', '오', '마이걸', '수록', '곡', '나', '만', '알다', '음악']"
943,121589,"['기분', '좋다', '휴식', '드림팝', '카페', '포크', '작업', '음악', '칠', '뮤직', '집', '일상', '편안하다']"
944,45539,"['슬픔', '추억', '이별', '회상']"
945,130695,"['잔잔하다', '노래', '자장가']"
946,8812,"['드라이브', '설레다', '사랑']"
947,60424,"['까페', '잔잔하다']"
948,18131,"['하이라이트', '덥다', '사우스', '트랩', '비트']"
949,153209,"['카페', '음악', 'bgm', '추천', '카페', '카페', '사장', '님', '추천', '카페', 'BGM', '뉴에이지', '감성', '카페', '음악', '맛집']"
950,86374,"['기분', '전환', '기', '분업', '드라이브', 'EDM']"
951,116939,"['봄', '카페', '여행']"
952,21708,"['분위기', '있다', '연말', '캐럴', '로맨틱', 'Jazz', 'Standard', '크리스마스', '캐롤', '재즈', '보컬', '재즈팝']"
953,26314,"['카페', '음악', '매장', '음악', '연주', '곡', '여유', '잔잔하다', '피아노', '위로', '힐링', '뉴에이지', '비']"
954,18555,"['감성', '밤', '그루브', '한', '감각', '적', '인', '분위기', '소울', '팝', '음색', '깡패']"
955,65935,"['밤', '가을', '새벽']"
956,34711,"['추억', '부모님', '가요', '50년', '대']"
957,142290,"['힐링', '휴식', '기분', '전환']"
958,65898,"['겨울', '분위기', '밤', '깡패', '매장', '드라이브', '음색', '커피', '커피점', '음색', '깡패']"
959,9661,"['여행', '기분', '전환', '산책']"
960,25886,"['힐링', '휴식', '잔잔하다']"
961,38334,"['비', '오는', '날', '우울', '차', '분']"
962,109321,"['카페', '드라이브', '상쾌', '맑은', '하늘', '기분', '전환', '상큼']"
963,115965,"['배경음악', 'Jazz', '카페', '잔잔하다', '보사노바', '매장', '재즈', '광고', '스타벅스', '영화']"
964,131088,"['힘나다', '노래', '힘내다', '괜찮다', '힘들다', '때', '토닥토닥', '위로', '곡', '좌절', '위로', '위로', '가', '_', '되다', '_', '음악', '힘내다']"
965,19003,"['2000', '공간', '감', '드림팝', '감성', '돋다', '드라이브', '몽환', 'etc', '밤', '새벽', 'JPOP', '2010']"
966,69021,"['비', '오는', '날', '잔잔하다']"
967,44258,"['휴식', '감성', '듣기', '좋다', '일상', '감상']"
968,84856,"['락', '내한', 'Coldplay', '콜드플레이', '밴드']"
969,39468,"['감성', '새벽']"
970,22590,"['매장', '음악', '편집', '숍', '카페', '드라이브', '미디엄템포', '여행', '감각', '적', '기분', '전환', '트렌디', '일렉트로닉']"
971,102443,"['여름', '열대야', '달달', '한', '트랜디', '상큼', '한', '과즙', '신나다']"
972,66709,"['과제', '기분', '전환', '밤', '플레이', '리스트', '새벽']"
973,141383,"['발라드', '에', '푹', '날', '이다']"
974,119678,"['겨울', '감성', '찬', '바람', '이', '혼자', '발라드', '위로', '기분', '전환', '이별', '이다', '외로움']"
975,26273,"['발렌타인데이', '로맨틱', '연인', '심쿵', '설레다', '사랑', '달콤하다']"
976,114241,"['송가', '인', '트로트']"
977,29317,"['소울', '알앤비']"
978,42475,"['힙합', '랩']"
979,97860,"['스트레스', '기분', '전환']"
980,3500,"['신곡', '믿다', '듣다', '드라이브', 'Pop', '기분', '전환', '최신', '트렌디']"
981,115852,"['힙합', '랩']"
982,106687,"['추억', '기분', '전환', '회상']"
983,104493,"['우울', '우울하다', '새벽']"
984,29143,"['잠', '감성', '새벽', 'RnB', 'soul', 'Pop', 'Acoustic', '불면증', 'ballad']"
985,11085,"['휴식', '봄', '향기', '데이트', '커피', '설레다', '산책', '따뜻하다']"
986,94875,"['잔잔하다', '겨울', '감성', '카페', '발라드', '추억', '휴식', '힐링', '따뜻하다', '새벽']"
987,94831,"['슬픔', '추억', '이별', '회상']"
988,25944,"['회상', '추억', '드라이브', '애창', '곡', '노래방', '스트레스', '강타']"
989,109032,"['새벽', '추억', '밤', '회상']"
990,76860,"['소울', '알앤비']"
991,18713,"['위로', '청춘', '나이']"
992,93438,"['휴식', '매장', '음악', '봄', '카페', '잔잔하다', '취향', '저격', '센치', '위로', '감성', '기분', '전환']"
993,39599,"['휴식', '힐링', '밤', '새벽']"
994,142266,"['umf', '2017', 'UltraKorea', '2017', '움프', '울트라', '코리아']"
995,38234,"['힐링', '휴식', '가을']"
996,30514,"['밤', '드라이브', '여행', '기분', '전환', '바다', '밤', '바다']"
997,78526,"['일', '렉']"
998,18447,"['잔잔하다', '밤', '새벽']"
999,14708,"['일렉트로니카', '빌다', '로우', 'EDMFloor', 'EDM']"
